"FAWN Station","Period","60cm T avg (F)","60cm T min (F)","60cm T max (F)","2m Rain tot (in)","2m Rain max over 15min(in)","SolRad avg 2m (w/m^2)","N (# obs)"
"Alachua","1 Jan 2009","50.28","40.58","61.09","0","0","100.9","96"
"Alachua","2 Jan 2009","58.6","41.94","74.97","0","0","117.7","96"
"Alachua","3 Jan 2009","59.95","48.81","73.54","0","0","61.21","96"
"Alachua","4 Jan 2009","63.89","53.73","79.3","0","0","136.98","96"
"Alachua","5 Jan 2009","62.87","49.23","80.44","0","0","138.89","96"
"Alachua","6 Jan 2009","67.26","60.94","78.64","0","0","100.15","96"
"Alachua","7 Jan 2009","62.75","43.26","71.49","0.08","0.07","93.84","96"
"Alachua","8 Jan 2009","53.54","34.14","70.75","0","0","151.77","96"
"Alachua","9 Jan 2009","50.36","35.51","69.13","0","0","163.02","96"
"Alachua","10 Jan 2009","53.71","32.72","77.25","0","0","158.83","96"
"Alachua","11 Jan 2009","64.45","55.8","71.89","0.04","0.02","46.6","96"
"Alachua","12 Jan 2009","49.02","43.12","55.13","0.05","0.02","52.14","96"
"Alachua","13 Jan 2009","47.47","36.7","50.58","1.03","0.05","18.25","96"
"Alachua","14 Jan 2009","41.91","31.38","58.41","0.01","0.01","165.55","96"
"Alachua","15 Jan 2009","42.43","27.36","62.22","0.01","0.01","131.14","93"
"Alachua","16 Jan 2009","38.72","27.67","50.79","0","0","154.23","96"
"Alachua","17 Jan 2009","37.98","25.17","57.51","0","0","168.25","96"
"Alachua","18 Jan 2009","48.51","27.14","67.68","0.01","0.01","165.38","96"
"Alachua","19 Jan 2009","57.49","45.28","67.98","0.02","0.01","125.99","96"
"Alachua","20 Jan 2009","40.18","28.1","55.09","0","0","175.41","96"
"Alachua","21 Jan 2009","31.5","20.29","46.85","0","0","178.15","96"
"Alachua","22 Jan 2009","37.14","18.52","59.2","0","0","178.66","96"
"Alachua","23 Jan 2009","47.57","27.25","70.27","0","0","172.78","96"
"Alachua","24 Jan 2009","52.52","33.96","71.53","0","0","121.24","96"
"Alachua","25 Jan 2009","62.55","51.51","74.28","0","0","106.82","96"
"Alachua","26 Jan 2009","61.27","50.07","79.39","0","0","147.56","96"
"Alachua","27 Jan 2009","62.9","48.9","79.68","0","0","137.35","96"
"Alachua","28 Jan 2009","67.85","59.59","78.6","0.01","0.01","106.49","96"
"Alachua","29 Jan 2009","61.12","54.66","68.09","1.85","0.22","39.98","96"
"Alachua","30 Jan 2009","50.27","40.02","61.09","0.02","0.01","142.21","96"
"Alachua","31 Jan 2009","42.15","26.71","60.8","0","0","190.89","96"
"Apopka","1 Jan 2009","57.21","47.28","68.95","0","0","122.08","96"
"Apopka","2 Jan 2009","63.14","52.92","76.15","0","0","121.92","96"
"Apopka","3 Jan 2009","64.39","50.4","76.06","0","0","135.94","96"
"Apopka","4 Jan 2009","67.32","58.3","80.13","0","0","156.85","96"
"Apopka","5 Jan 2009","65.82","52.41","82.04","0","0","167.77","96"
"Apopka","6 Jan 2009","69.71","57.42","82.69","0","0","163.78","96"
"Apopka","7 Jan 2009","65.83","51.93","74.35","0.01","0.01","54.72","96"
"Apopka","8 Jan 2009","58.3","39.44","71.44","0","0","181.25","96"
"Apopka","9 Jan 2009","57.49","45.63","73.04","0","0","182.38","96"
"Apopka","10 Jan 2009","61.04","44.18","78.13","0","0","176.19","96"
"Apopka","11 Jan 2009","67.21","55.02","78.48","0","0","157.85","96"
"Apopka","12 Jan 2009","60.82","56.07","67.33","0","0","58.33","96"
"Apopka","13 Jan 2009","58.06","46.99","69.17","0.04","0.01","64.27","96"
"Apopka","14 Jan 2009","51.56","38.24","67.32","0","0","184.31","96"
"Apopka","15 Jan 2009","46.36","34.09","61.27","0","0","108.53","96"
"Apopka","16 Jan 2009","47.02","39.14","58.86","0.01","0.01","178.5","96"
"Apopka","17 Jan 2009","47.12","33.21","64.02","0","0","184.47","96"
"Apopka","18 Jan 2009","52.99","33.09","70.93","0","0","188.69","96"
"Apopka","19 Jan 2009","61.9","54.82","69.12","0.07","0.07","162.74","96"
"Apopka","20 Jan 2009","48.04","33.47","60.62","0.14","0.14","194.32","96"
"Apopka","21 Jan 2009","36.57","27.47","49.48","0","0","203.59","96"
"Apopka","22 Jan 2009","39.47","23.68","59.02","0","0","202.57","96"
"Apopka","23 Jan 2009","46.67","26.45","68.79","0","0","206.3","96"
"Apopka","24 Jan 2009","53.82","33.86","72.36","0","0","165.43","96"
"Apopka","25 Jan 2009","60.06","45.25","80.78","0","0","188.5","96"
"Apopka","26 Jan 2009","63.38","48.52","81.3","0","0","185.53","96"
"Apopka","27 Jan 2009","67","54.57","81.73","0","0","151.04","96"
"Apopka","28 Jan 2009","69.91","60.37","81.21","0","0","147.49","96"
"Apopka","29 Jan 2009","67.06","62.35","76.53","0.52","0.16","78.46","96"
"Apopka","30 Jan 2009","54.69","45.55","62.06","0.9","0.1","97.17","96"
"Apopka","31 Jan 2009","47.58","33.76","61.23","0","0","211.29","96"
"Arcadia","1 Jan 2009","60.71","48.34","75.42","0","0","152.78","96"
"Arcadia","2 Jan 2009","64.5","51.51","79.81","0","0","153.33","96"
"Arcadia","3 Jan 2009","65.48","50.45","79.59","0","0","146.65","96"
"Arcadia","4 Jan 2009","67.09","52.32","83.61","0","0","145.88","96"
"Arcadia","5 Jan 2009","67.23","53.47","85.91","0","0","163.12","96"
"Arcadia","6 Jan 2009","69.2","54.84","84.06","0","0","170.43","96"
"Arcadia","7 Jan 2009","65.77","49.98","79.65","0.07","0.07","86.13","96"
"Arcadia","8 Jan 2009","56.14","41.39","73.42","0","0","183.9","96"
"Arcadia","9 Jan 2009","58.01","44.25","75.27","0","0","187.38","96"
"Arcadia","10 Jan 2009","60.27","42.92","80.35","0","0","183.37","96"
"Arcadia","11 Jan 2009","63.91","48.87","80.22","0","0","179.67","96"
"Arcadia","12 Jan 2009","65.12","56.79","74.01","0","0","99.02","96"
"Arcadia","13 Jan 2009","62.55","52.63","78.53","0.12","0.07","82.16","96"
"Arcadia","14 Jan 2009","53.16","40.38","67.98","0","0","168.1","96"
"Arcadia","15 Jan 2009","49.49","39.29","61.41","0","0","97.83","96"
"Arcadia","16 Jan 2009","51.19","40.52","64.78","0","0","179.37","96"
"Arcadia","17 Jan 2009","49.46","34.76","67.32","0","0","194.14","96"
"Arcadia","18 Jan 2009","55.67","39.22","73.76","0","0","184.06","96"
"Arcadia","19 Jan 2009","63.25","54.77","74.19","0.02","0.01","165.65","96"
"Arcadia","20 Jan 2009","54.03","38.43","67.96","0","0","160.57","96"
"Arcadia","21 Jan 2009","39.76","26.77","55.13","0","0","203.03","96"
"Arcadia","22 Jan 2009","41.77","21.4","64.87","0","0","207.37","96"
"Arcadia","23 Jan 2009","51.58","30.53","75.13","0","0","203.1","96"
"Arcadia","24 Jan 2009","54.79","35.25","77.18","0","0","181.64","96"
"Arcadia","25 Jan 2009","59.68","42.1","80.87","0","0","193.27","96"
"Arcadia","26 Jan 2009","62.58","45.18","80.37","0","0","174.45","96"
"Arcadia","27 Jan 2009","66.81","52","81.36","0","0","144.67","96"
"Arcadia","28 Jan 2009","69.84","58.8","84.96","0","0","175.84","96"
"Arcadia","29 Jan 2009","70.57","60.12","83.52","0","0","196.02","95"
"Arcadia","30 Jan 2009","58.9","41.65","68.9","0.11","0.03","66.99","96"
"Arcadia","31 Jan 2009","47.94","35.24","62.11","0","0","218.27","96"
"Avalon","1 Jan 2009","59.37","52.14","68.86","0","0","125.85","96"
"Avalon","2 Jan 2009","63.85","55.42","76.57","0","0","109.53","96"
"Avalon","3 Jan 2009","64.71","54.21","76.78","0","0","133.44","96"
"Avalon","4 Jan 2009","67.23","59.68","80.4","0","0","140.68","96"
"Avalon","5 Jan 2009","66.69","55.54","81.39","0","0","144.02","96"
"Avalon","6 Jan 2009","68.53","58.32","83.48","0","0","145.09","96"
"Avalon","7 Jan 2009","63.45","49.26","76.08","0.2","0.14","55.61","96"
"Avalon","8 Jan 2009","56.33","43.29","72.75","0","0","167.72","96"
"Avalon","9 Jan 2009","55.96","46.26","69.98","0","0","167.76","96"
"Avalon","10 Jan 2009","60.63","45.73","77.05","0","0","162.85","96"
"Avalon","11 Jan 2009","66.11","54.05","81.3","0","0","149.91","96"
"Avalon","12 Jan 2009","60.68","56.61","66.18","0","0","43.71","96"
"Avalon","13 Jan 2009","58.47","47.08","72.3","0.07","0.02","71.5","96"
"Avalon","14 Jan 2009","51.7","38.72","67.05","0","0","171.4","96"
"Avalon","15 Jan 2009","47.37","34.84","58.33","0","0","101.31","96"
"Avalon","16 Jan 2009","47.83","40.79","56.79","0","0","167.41","96"
"Avalon","17 Jan 2009","47.47","38.18","61.86","0","0","173.22","96"
"Avalon","18 Jan 2009","54.95","37.52","73.35","0","0","175.18","96"
"Avalon","19 Jan 2009","61.77","52.25","72.28","0","0","156.57","96"
"Avalon","20 Jan 2009","47.95","36.06","60.62","0.13","0.12","178.31","96"
"Avalon","21 Jan 2009","37.09","27.37","50.36","0","0","187.81","96"
"Avalon","22 Jan 2009","41.74","27.08","62.11","0","0","185.67","96"
"Avalon","23 Jan 2009","49.4","31.62","70.11","0","0","184.93","96"
"Avalon","24 Jan 2009","56.87","39.82","75.22","0","0","160.23","96"
"Avalon","25 Jan 2009","61.42","48.04","78.6","0","0","169.43","96"
"Avalon","26 Jan 2009","64.87","50.41","79.27","0","0","170.37","96"
"Avalon","27 Jan 2009","67.14","56.98","80.83","0","0","133.26","96"
"Avalon","28 Jan 2009","69.92","61.07","83.07","0","0","137.61","96"
"Avalon","29 Jan 2009","67.3","61.12","79.66","0.45","0.1","72.9","96"
"Avalon","30 Jan 2009","54.46","45.57","62.67","1.1","0.14","88.75","96"
"Avalon","31 Jan 2009","47.49","36.89","59.77","0","0","189.91","96"
"Balm","1 Jan 2009","59.26","47.08","72.82","0","0","147.02","96"
"Balm","2 Jan 2009","63.9","54.93","78.89","0","0","131.17","96"
"Balm","3 Jan 2009","64.41","51.78","78.37","0","0","128.12","96"
"Balm","4 Jan 2009","66.74","55.36","81.05","0","0","136.74","96"
"Balm","5 Jan 2009","67.18","56.68","84.25","0","0","141.61","96"
"Balm","6 Jan 2009","68.02","54.7","83.17","0","0","154.12","96"
"Balm","7 Jan 2009","64.26","44.11","76.41","0.01","0.01","55.18","96"
"Balm","8 Jan 2009","55.82","39.23","71.46","0","0","172.81","96"
"Balm","9 Jan 2009","56.51","43.27","75.04","0","0","173.33","96"
"Balm","10 Jan 2009","60.3","45.43","79.7","0","0","168.65","96"
"Balm","11 Jan 2009","63.49","48.96","78.78","0","0","156.91","96"
"Balm","12 Jan 2009","63.54","59.23","69.19","0","0","60.87","96"
"Balm","13 Jan 2009","60.09","50.45","78.22","0.39","0.15","83.59","96"
"Balm","14 Jan 2009","52.07","35.01","69.84","0","0","172.82","96"
"Balm","15 Jan 2009","47.14","36.06","59.56","0","0","81.83","96"
"Balm","16 Jan 2009","49.84","40.39","63.19","0","0","172.7","96"
"Balm","17 Jan 2009","48.52","34.9","65.86","0","0","181.35","96"
"Balm","18 Jan 2009","53.9","36.58","72.28","0","0","178.47","96"
"Balm","19 Jan 2009","61.89","49.8","69.21","0.02","0.02","150.21","96"
"Balm","20 Jan 2009","52.17","41.11","63.37","0.2","0.16","150.27","96"
"Balm","21 Jan 2009","39.56","26.08","51.89","0","0","191.27","96"
"Balm","22 Jan 2009","41.75","23.56","64.38","0","0","192.71","96"
"Balm","23 Jan 2009","49.54","28.3","73.11","0","0","189.26","96"
"Balm","24 Jan 2009","54.61","36.31","72.61","0","0","166.36","96"
"Balm","25 Jan 2009","59.61","41.97","79.05","0","0","179.26","96"
"Balm","26 Jan 2009","64.48","48.07","81.12","0","0","180.38","96"
"Balm","27 Jan 2009","68.06","55.49","82.44","0","0","146.25","96"
"Balm","28 Jan 2009","70.19","62.02","83.14","0.02","0.02","142.4","96"
"Balm","29 Jan 2009","69.47","61.74","80.44","0.3","0.17","124.81","96"
"Balm","30 Jan 2009","57.19","47.66","65.52","0.53","0.09","99.81","96"
"Balm","31 Jan 2009","47.82","35.02","63.45","0","0","201.09","96"
"Belle Glade","1 Jan 2009","61.87","49.33","75.49","0","0","113.37","96"
"Belle Glade","2 Jan 2009","61.94","50.45","76.68","0","0","114.23","96"
"Belle Glade","3 Jan 2009","61.87","48.51","77.99","0","0","129.61","96"
"Belle Glade","4 Jan 2009","66.19","54.41","80.28","0","0","122.29","96"
"Belle Glade","5 Jan 2009","66.44","56.66","80.26","0","0","98.23","96"
"Belle Glade","6 Jan 2009","67.2","51.76","82.89","0","0","129.71","96"
"Belle Glade","7 Jan 2009","68.36","57.06","83.37","0","0","105.54","96"
"Belle Glade","8 Jan 2009","58.32","46.63","72.09","0","0","175.83","96"
"Belle Glade","9 Jan 2009","56.99","40.01","75.67","0","0","175.49","96"
"Belle Glade","10 Jan 2009","61.95","49.1","78.87","0","0","158.33","96"
"Belle Glade","11 Jan 2009","62.89","45.5","81.82","0","0","159.28","96"
"Belle Glade","12 Jan 2009","63.62","52.52","80.67","0","0","142.9","96"
"Belle Glade","13 Jan 2009","64.56","53.4","77.74","0.07","0.06","58.87","96"
"Belle Glade","14 Jan 2009","56.8","47.52","69.46","0","0","180.13","96"
"Belle Glade","15 Jan 2009","55.33","47.48","62.76","0","0","80.69","96"
"Belle Glade","16 Jan 2009","58.93","49.96","69.84","0","0","114.45","96"
"Belle Glade","17 Jan 2009","55.87","43.93","70.05","0","0","189.67","96"
"Belle Glade","18 Jan 2009","60.33","48.88","75","0","0","141.7","96"
"Belle Glade","19 Jan 2009","62.04","50.27","76.87","0","0","144.92","96"
"Belle Glade","20 Jan 2009","58.43","47.08","66.24","0.01","0.01","156.5","96"
"Belle Glade","21 Jan 2009","42.27","31.06","53.51","0","0","204.01","96"
"Belle Glade","22 Jan 2009","43.17","25.55","61.84","0","0","196.28","96"
"Belle Glade","23 Jan 2009","53.72","37.3","73.04","0","0","173.47","96"
"Belle Glade","24 Jan 2009","56.98","40.31","75.18","0","0","155.71","96"
"Belle Glade","25 Jan 2009","59.01","41.87","76.98","0","0","160.34","96"
"Belle Glade","26 Jan 2009","63","48.29","79.86","0","0","173.09","96"
"Belle Glade","27 Jan 2009","67.55","55.15","80.42","0","0","132.37","96"
"Belle Glade","28 Jan 2009","68.72","53.17","85.6","0","0","176.9","96"
"Belle Glade","29 Jan 2009","70.03","54.79","87.49","0","0","176.31","96"
"Belle Glade","30 Jan 2009","59.25","48.67","71.91","0.01","0.01","48.21","96"
"Belle Glade","31 Jan 2009","51.98","42.23","63.75","0","0","208.52","96"
"Bronson","1 Jan 2009","53.88","43.54","64.35","0","0","97.24","96"
"Bronson","2 Jan 2009","61.49","52.11","76.14","0","0","118.66","96"
"Bronson","3 Jan 2009","61.17","49.08","75.27","0","0","77.13","96"
"Bronson","4 Jan 2009","65.01","54.07","81.82","0","0","154.38","96"
"Bronson","5 Jan 2009","63.85","48.69","83.43","0","0","163.79","96"
"Bronson","6 Jan 2009","68.26","61.23","80.87","0","0","138.25","96"
"Bronson","7 Jan 2009","62.5","43.39","71.96","0.11","0.09","81.06","96"
"Bronson","8 Jan 2009","54.5","37.04","72.39","0.02","0.02","164.95","95"
"Bronson","9 Jan 2009","54.97","41.18","72.54","0","0","176.92","96"
"Bronson","10 Jan 2009","57.66","38.92","80.1","0","0","171.55","96"
"Bronson","11 Jan 2009","64.19","53.31","71.65","0.05","0.02","46.78","96"
"Bronson","12 Jan 2009","50.42","46.92","56.46","0.5","0.12","48.95","96"
"Bronson","13 Jan 2009","48.96","38.03","52.65","1.42","0.15","21.34","96"
"Bronson","14 Jan 2009","44.56","33.99","63.61","0","0","182.84","96"
"Bronson","15 Jan 2009","44.38","28.81","62.55","0","0","124.01","96"
"Bronson","16 Jan 2009","41.74","32.22","53.56","0","0","173.46","96"
"Bronson","17 Jan 2009","40.74","25.66","61.41","0","0","184.26","96"
"Bronson","18 Jan 2009","49.74","27.52","68.25","0.11","0.04","176.55","96"
"Bronson","19 Jan 2009","57.73","45.54","68.56","0.1","0.04","148.14","96"
"Bronson","20 Jan 2009","41.45","28.59","54.27","0","0","193.34","96"
"Bronson","21 Jan 2009","33.23","22.88","51.04","0","0","196.22","96"
"Bronson","22 Jan 2009","39.31","19.35","62.69","0","0","195.04","96"
"Bronson","23 Jan 2009","47.77","28.06","72.27","0","0","188.01","96"
"Bronson","24 Jan 2009","52.58","36.11","72.73","0","0","148.9","96"
"Bronson","25 Jan 2009","61.52","53.19","75.6","0","0","96.72","96"
"Bronson","26 Jan 2009","61.78","48.96","80.37","0","0","184.05","96"
"Bronson","27 Jan 2009","64.61","51.57","82.63","0","0","156.54","96"
"Bronson","28 Jan 2009","67.41","56.97","79.11","0.02","0.02","102.67","96"
"Bronson","29 Jan 2009","62.85","56.98","69.67","1.28","0.34","36.98","96"
"Bronson","30 Jan 2009","51.81","37.8","63.9","0.04","0.01","161.64","96"
"Bronson","31 Jan 2009","44.88","27.95","63.86","0","0","206.99","96"
"Brooksville","1 Jan 2009","55.8","43.2","70.57","0","0","118.73","96"
"Brooksville","2 Jan 2009","61.13","48.88","79.52","0","0","100.73","96"
"Brooksville","3 Jan 2009","61.6","46.06","79.12","0","0","116.45","96"
"Brooksville","4 Jan 2009","64.85","51.69","82.67","0","0","143.04","96"
"Brooksville","5 Jan 2009","62.39","46.33","84.54","0","0","121.64","96"
"Brooksville","6 Jan 2009","67.04","51.51","84.2","0","0","143.36","96"
"Brooksville","7 Jan 2009","61.9","38.93","74.08","0.05","0.04","51.76","96"
"Brooksville","8 Jan 2009","51.39","29.78","72.72","0","0","167.18","96"
"Brooksville","9 Jan 2009","52.59","34.9","72.73","0","0","168.33","96"
"Brooksville","10 Jan 2009","55.44","32.03","79.9","0","0","163.23","96"
"Brooksville","11 Jan 2009","62.33","43.66","79.84","0","0","100.31","96"
"Brooksville","12 Jan 2009","57.7","52.45","65.57","0.14","0.03","50.93","96"
"Brooksville","13 Jan 2009","53.76","38.39","59.31","0.34","0.06","21.98","96"
"Brooksville","14 Jan 2009","45.73","30.85","66.16","0","0","164.45","95"
"Brooksville","15 Jan 2009","40.27","25.04","56.64","0","0","75.52","96"
"Brooksville","16 Jan 2009","44.69","32.21","57","0","0","170.17","96"
"Brooksville","17 Jan 2009","42.48","28.24","61.93","0","0","173.9","96"
"Brooksville","18 Jan 2009","49.95","24.82","73.2","0","0","176.8","96"
"Brooksville","19 Jan 2009","60.2","43.45","70.75","0.02","0.01","118.56","96"
"Brooksville","20 Jan 2009","45.71","33.03","59.72","0","0","181.11","96"
"Brooksville","21 Jan 2009","33.61","20.4","50.7","0","0","197.95","96"
"Brooksville","22 Jan 2009","35.41","13.21","63.61","0","0","190.8","96"
"Brooksville","23 Jan 2009","42.55","18.93","72.52","0","0","189.11","96"
"Brooksville","24 Jan 2009","50.31","25.87","76.15","0","0","178.19","96"
"Brooksville","25 Jan 2009","60.62","47.43","78.98","0","0","154.33","94"
"Brooksville","26 Jan 2009","59.94","40.7","82.27","0","0","170.59","96"
"Brooksville","27 Jan 2009","64.47","47.21","82.51","0","0","148.88","96"
"Brooksville","28 Jan 2009","69.98","58.26","83.14","0.01","0.01","104.66","96"
"Brooksville","29 Jan 2009","66.09","60.8","73.02","0.27","0.07","50.86","96"
"Brooksville","30 Jan 2009","53.93","44.56","62.47","0.02","0.01","113.47","96"
"Brooksville","31 Jan 2009","43.77","24.51","62.29","0","0","197.57","96"
"Carrabelle","1 Jan 2009","49.43","37.6","59.41","0","0","81.63","96"
"Carrabelle","2 Jan 2009","63.31","54.55","71.31","0","0","102.56","96"
"Carrabelle","3 Jan 2009","63.76","62.13","65.41","0","0","46.39","96"
"Carrabelle","4 Jan 2009","63.5","58.01","73.18","0.48","0.24","84.34","96"
"Carrabelle","5 Jan 2009","62.23","58.05","70.21","0.01","0.01","74.01","96"
"Carrabelle","6 Jan 2009","66.31","60.3","72.41","0","0","94.33","96"
"Carrabelle","7 Jan 2009","61.15","43.13","69.89","0.14","0.13","103.71","96"
"Carrabelle","8 Jan 2009","55.78","40.62","72.52","0","0","123.27","96"
"Carrabelle","9 Jan 2009","49.14","35.81","65.16","0","0","125.77","96"
"Carrabelle","10 Jan 2009","58.98","39.03","71.11","0","0","115.52","96"
"Carrabelle","11 Jan 2009","62.91","47.14","72.19","0","0","51.71","96"
"Carrabelle","12 Jan 2009","47.64","37.68","57.52","0","0","73.04","96"
"Carrabelle","13 Jan 2009","47.98","37.69","62.98","0.4","0.04","84.48","96"
"Carrabelle","14 Jan 2009","42.04","29.2","57.78","0","0","136.31","96"
"Carrabelle","15 Jan 2009","43.97","27.65","62.71","0","0","122.18","96"
"Carrabelle","16 Jan 2009","38.39","28.62","50.32","0","0","133.03","96"
"Carrabelle","17 Jan 2009","36.43","25.9","51.93","0","0","135.37","96"
"Carrabelle","18 Jan 2009","51.82","29.36","66.65","0.42","0.16","64.77","96"
"Carrabelle","19 Jan 2009","52.26","37.76","64.15","0.02","0.01","87.21","96"
"Carrabelle","20 Jan 2009","36.58","24.11","46","0","0","139.86","96"
"Carrabelle","21 Jan 2009","32.54","23.06","50.07","0.01","0.01","141.34","96"
"Carrabelle","22 Jan 2009","38.66","22.14","58.1","0","0","137.65","96"
"Carrabelle","23 Jan 2009","50.21","32.98","67.14","0","0","114.83","96"
"Carrabelle","24 Jan 2009","60.57","54.32","69.39","0","0","92.25","96"
"Carrabelle","25 Jan 2009","59.15","50.27","68.88","0","0","98.35","96"
"Carrabelle","26 Jan 2009","59.63","49.73","72.19","0","0","107.61","96"
"Carrabelle","27 Jan 2009","59.96","47.64","73.29","0","0","129","96"
"Carrabelle","28 Jan 2009","63.89","54.34","70.72","0.25","0.06","32.43","95"
"Carrabelle","29 Jan 2009","56.79","49.71","65.46","0.22","0.03","95.78","96"
"Carrabelle","30 Jan 2009","48.66","31.76","60.87","0","0","135.8","96"
"Carrabelle","31 Jan 2009","43.35","26.39","64.74","0","0","142.47","95"
"Citra","1 Jan 2009","54.54","44.78","65.23","0","0","79.54","96"
"Citra","2 Jan 2009","59.64","47.71","76.24","0","0","103.78","96"
"Citra","3 Jan 2009","61.23","47.62","77.74","0","0","96.12","96"
"Citra","4 Jan 2009","64.16","52.23","83.14","0","0","133.38","96"
"Citra","5 Jan 2009","63.25","48.96","83.19","0","0","140.58","96"
"Citra","6 Jan 2009","68.41","61.43","83.66","0.01","0.01","115.88","96"
"Citra","7 Jan 2009","62.91","44.35","72.82","0.13","0.1","66.41","96"
"Citra","8 Jan 2009","55.29","35.93","72.1","0","0","156.62","96"
"Citra","9 Jan 2009","54.26","39.46","73.71","0","0","165.94","96"
"Citra","10 Jan 2009","55.16","33.99","80.02","0","0","160.81","96"
"Citra","11 Jan 2009","63.5","50.16","73.13","0.07","0.05","55.49","96"
"Citra","12 Jan 2009","52.09","48.47","60.4","0.89","0.12","35.75","96"
"Citra","13 Jan 2009","50.31","37.91","53.65","0.4","0.03","17.7","96"
"Citra","14 Jan 2009","46.89","33.89","63.97","0","0","167.07","96"
"Citra","15 Jan 2009","42.88","28.52","58.82","0","0","96.92","96"
"Citra","16 Jan 2009","43.07","34.42","54.01","0","0","159.16","96"
"Citra","17 Jan 2009","43.05","27.36","62.92","0","0","170.45","96"
"Citra","18 Jan 2009","50.64","28.85","70.66","0","0","170.93","96"
"Citra","19 Jan 2009","58.82","45.19","68.85","0.07","0.05","127.14","96"
"Citra","20 Jan 2009","44.06","32.89","56.86","0","0","179.13","96"
"Citra","21 Jan 2009","35.09","25.36","50.47","0","0","181.73","96"
"Citra","22 Jan 2009","39.12","20.16","63.16","0","0","181.51","96"
"Citra","23 Jan 2009","47.27","25.41","71.69","0","0","174.17","96"
"Citra","24 Jan 2009","52.83","34.89","74.75","0","0","149.73","96"
"Citra","25 Jan 2009","61.75","50.83","76.8","0","0","89","96"
"Citra","26 Jan 2009","60.59","49.26","80.83","0","0","158.71","96"
"Citra","27 Jan 2009","62.9","47.52","81.34","0","0","135.89","96"
"Citra","28 Jan 2009","68.96","57.09","81.5","0","0","98.8","96"
"Citra","29 Jan 2009","63.74","58.15","68.59","0.56","0.14","27.05","96"
"Citra","30 Jan 2009","53.72","44.49","63.28","0.01","0.01","134.5","96"
"Citra","31 Jan 2009","46","29.92","64.09","0","0","192.15","96"
"Clewiston","1 Jan 2009","62.71","49.66","74.8","0","0","150.06","96"
"Clewiston","2 Jan 2009","64.89","56.26","78.24","0","0","150.84","96"
"Clewiston","3 Jan 2009","64.33","51.89","77.72","0","0","149.91","96"
"Clewiston","4 Jan 2009","68.12","56.37","80.64","0","0","146.45","96"
"Clewiston","5 Jan 2009","68.99","59.49","80.78","0","0","161.92","95"
"Clewiston","6 Jan 2009","67.87","56.26","82.81","0","0","154.19","95"
"Clewiston","7 Jan 2009","67.5","53.89","82.42","0","0","118.17","96"
"Clewiston","8 Jan 2009","58.82","46.24","74.03","0","0","181.91","96"
"Clewiston","9 Jan 2009","58.73","45.07","73.33","0","0","188.76","96"
"Clewiston","10 Jan 2009","63.18","49.84","78.57","0","0","163.2","96"
"Clewiston","11 Jan 2009","64.17","48.16","81.36","0","0","182.47","96"
"Clewiston","12 Jan 2009","64.86","54.37","77.95","0","0","138.67","96"
"Clewiston","13 Jan 2009","64.53","54.66","78.39","0.12","0.07","67.25","96"
"Clewiston","14 Jan 2009","55","46.62","66.42","0","0","164.22","96"
"Clewiston","15 Jan 2009","52.42","45.9","58.46","0","0","73.52","96"
"Clewiston","16 Jan 2009","56.23","45.81","66.78","0","0","124.53","96"
"Clewiston","17 Jan 2009","53.67","41.35","67.77","0","0","196.42","96"
"Clewiston","18 Jan 2009","59","45.66","74.26","0","0","158.26","96"
"Clewiston","19 Jan 2009","63.62","49.64","76.41","0","0","153.88","96"
"Clewiston","20 Jan 2009","57.47","42.06","65.07","0.01","0.01","162.26","96"
"Clewiston","21 Jan 2009","43.27","32.58","55.71","0","0","204.97","96"
"Clewiston","22 Jan 2009","44.62","28.76","64.67","0","0","204.83","96"
"Clewiston","23 Jan 2009","53.37","36.82","71.08","0","0","197.14","96"
"Clewiston","24 Jan 2009","57.1","42.24","75.72","0","0","186.6","96"
"Clewiston","25 Jan 2009","60.04","44.92","76.1","0","0","181.05","96"
"Clewiston","26 Jan 2009","63.58","50.94","78.35","0","0","185.79","96"
"Clewiston","27 Jan 2009","68.17","58.26","80.85","0","0","113.76","96"
"Clewiston","28 Jan 2009","69.03","54.45","84.88","0.02","0.01","172.34","96"
"Clewiston","29 Jan 2009","69.3","56.23","85.53","0","0","194.36","96"
"Clewiston","30 Jan 2009","59.1","43.56","68.31","0.04","0.01","42.35","96"
"Clewiston","31 Jan 2009","49.28","39.46","62.08","0","0","215.93","96"
"Dover","1 Jan 2009","57.27","43.55","71.01","0","0","142.21","96"
"Dover","2 Jan 2009","63.59","51.64","77.5","0","0","123.55","96"
"Dover","3 Jan 2009","64.73","53.11","77.74","0","0","130.69","96"
"Dover","4 Jan 2009","67.09","57.69","82.36","0","0","144.1","96"
"Dover","5 Jan 2009","67.63","57.88","82.62","0","0","145.71","96"
"Dover","6 Jan 2009","68.59","55.69","82.26","0","0","155.15","96"
"Dover","7 Jan 2009","64.39","48.24","77.02","0.07","0.07","53.77","96"
"Dover","8 Jan 2009","55.33","41.67","71.22","0","0","180.72","96"
"Dover","9 Jan 2009","56.28","44.3","74.17","0","0","181.37","96"
"Dover","10 Jan 2009","58.92","41.8","79.18","0","0","176.25","96"
"Dover","11 Jan 2009","64.44","52.16","76.08","0","0","162.06","96"
"Dover","12 Jan 2009","62.87","57.88","66.29","0","0","53.13","96"
"Dover","13 Jan 2009","58.95","46.69","73.8","0.36","0.11","56.87","96"
"Dover","14 Jan 2009","51.35","38.62","67.93","0","0","182.22","96"
"Dover","15 Jan 2009","45.66","33.81","59.32","0","0","89.22","96"
"Dover","16 Jan 2009","47.51","38.18","62.83","0","0","177.94","96"
"Dover","17 Jan 2009","45.82","31.2","65.28","0","0","190.89","96"
"Dover","18 Jan 2009","52.08","33.8","69.71","0","0","188.85","96"
"Dover","19 Jan 2009","61.09","49.28","70.09","0.15","0.14","154.69","96"
"Dover","20 Jan 2009","50.44","38.02","61.54","0.02","0.01","172.22","96"
"Dover","21 Jan 2009","37.82","26.89","50.54","0","0","202.38","95"
"Dover","22 Jan 2009","40.81","25.36","64.29","0","0","202.17","96"
"Dover","23 Jan 2009","47.95","29.7","71.85","0","0","200.05","96"
"Dover","24 Jan 2009","53.16","35.82","71.2","0","0","173.3","96"
"Dover","25 Jan 2009","59.65","45.03","79.16","0","0","187.95","96"
"Dover","26 Jan 2009","62.91","46.94","80.96","0","0","187.16","96"
"Dover","27 Jan 2009","67.79","55.33","81.82","0","0","151.62","96"
"Dover","28 Jan 2009","70.31","62.2","82.44","0","0","138.84","96"
"Dover","29 Jan 2009","68.14","61.68","79.11","0.66","0.18","95.73","96"
"Dover","30 Jan 2009","55.77","43.21","63.32","1.38","0.31","100.69","96"
"Dover","31 Jan 2009","46.84","31.83","63.18","0","0","213.85","96"
"Fort Lauderdale","1 Jan 2009","66.81","57.51","75.34","0","0","124.29","96"
"Fort Lauderdale","2 Jan 2009","68.29","58.33","76.75","0","0","151.72","96"
"Fort Lauderdale","3 Jan 2009","67.06","55.56","76.84","0","0","168.86","96"
"Fort Lauderdale","4 Jan 2009","70.84","61.72","80.08","0.02","0.01","133.9","96"
"Fort Lauderdale","5 Jan 2009","70.24","63.3","78.75","0","0","106.14","96"
"Fort Lauderdale","6 Jan 2009","71.23","62.26","80.74","0","0","140.27","96"
"Fort Lauderdale","7 Jan 2009","73.04","62.55","85.96","0.08","0.04","149.13","96"
"Fort Lauderdale","8 Jan 2009","64.16","54.72","76.41","0","0","184.82","96"
"Fort Lauderdale","9 Jan 2009","62.38","49.41","77","0","0","190.06","96"
"Fort Lauderdale","10 Jan 2009","64.92","53.94","78.15","0","0","149.51","96"
"Fort Lauderdale","11 Jan 2009","68.72","56.07","84.96","0","0","182.41","96"
"Fort Lauderdale","12 Jan 2009","69.57","60.51","83.05","0","0","172.41","96"
"Fort Lauderdale","13 Jan 2009","71.83","61.43","83.91","0.01","0.01","90.33","96"
"Fort Lauderdale","14 Jan 2009","62.09","52.93","73.11","0","0","180.37","96"
"Fort Lauderdale","15 Jan 2009","61.71","55.74","68.45","0","0","104.48","96"
"Fort Lauderdale","16 Jan 2009","63.07","55.24","74.43","0","0","102.18","96"
"Fort Lauderdale","17 Jan 2009","60.99","51.04","73.02","0","0","194.91","96"
"Fort Lauderdale","18 Jan 2009","64.09","52.81","76.01","0","0","137.07","96"
"Fort Lauderdale","19 Jan 2009","65.53","56.1","76.26","0","0","121.81","96"
"Fort Lauderdale","20 Jan 2009","62.52","49.1","68.47","0","0","100.99","95"
"Fort Lauderdale","21 Jan 2009","47.23","39.59","56.8","0","0","211.68","96"
"Fort Lauderdale","22 Jan 2009","52.3","37.27","68.05","0","0","198","96"
"Fort Lauderdale","23 Jan 2009","58.84","48.02","72.57","0","0","182.41","96"
"Fort Lauderdale","24 Jan 2009","63.32","53.91","77.45","0","0","153.69","96"
"Fort Lauderdale","25 Jan 2009","63.34","54.09","76.68","0","0","132.12","96"
"Fort Lauderdale","26 Jan 2009","65.9","53.22","76.6","0","0","175.87","96"
"Fort Lauderdale","27 Jan 2009","72.98","69.1","79.56","0","0","175.49","96"
"Fort Lauderdale","28 Jan 2009","73.18","64.38","82.31","0","0","153.14","96"
"Fort Lauderdale","29 Jan 2009","73.28","63.25","84.94","0","0","162.59","96"
"Fort Lauderdale","30 Jan 2009","65.98","53.55","83.21","0","0","113.04","96"
"Fort Lauderdale","31 Jan 2009","55.1","46.72","64.85","0","0","221.55","96"
"Frostproof","1 Jan 2009","60.36","48.25","70.88","0","0","120.92","96"
"Frostproof","2 Jan 2009","64.27","53.6","77.58","0","0","126.22","96"
"Frostproof","3 Jan 2009","64.54","51.39","77.7","0","0","134.25","96"
"Frostproof","4 Jan 2009","67.43","54.9","82.54","0","0","147.67","96"
"Frostproof","5 Jan 2009","67.67","55.42","82.44","0","0","158.56","96"
"Frostproof","6 Jan 2009","69.18","57.88","83.39","0","0","148.4","96"
"Frostproof","7 Jan 2009","64.73","47.75","79.52","0.01","0.01","59.76","96"
"Frostproof","8 Jan 2009","56.73","41.16","74.16","0","0","172.18","96"
"Frostproof","9 Jan 2009","57.87","48.51","73.06","0","0","170.97","96"
"Frostproof","10 Jan 2009","62.34","48.58","78.44","0","0","166.73","96"
"Frostproof","11 Jan 2009","64.79","50.41","81.43","0","0","161.04","96"
"Frostproof","12 Jan 2009","62.96","57.61","68.56","0","0","60.65","96"
"Frostproof","13 Jan 2009","61.44","50.92","80.53","0.62","0.37","105.23","96"
"Frostproof","14 Jan 2009","51.75","39.31","67.69","0","0","164.78","96"
"Frostproof","15 Jan 2009","49.78","39.98","60.28","0","0","81.18","96"
"Frostproof","16 Jan 2009","51.09","43.32","62.06","0","0","165.44","96"
"Frostproof","17 Jan 2009","50.71","37.91","66","0","0","180.17","96"
"Frostproof","18 Jan 2009","57.56","40.13","73.54","0","0","175.45","96"
"Frostproof","19 Jan 2009","62.7","55.15","73.51","0","0","163.44","96"
"Frostproof","20 Jan 2009","52.16","38.89","63.21","0.13","0.12","170.51","96"
"Frostproof","21 Jan 2009","40.01","30.92","52.97","0","0","193.67","96"
"Frostproof","22 Jan 2009","42.42","25.82","62.98","0","0","193.3","96"
"Frostproof","23 Jan 2009","50.65","31.46","72.18","0","0","188.47","96"
"Frostproof","24 Jan 2009","54.91","38","75.15","0","0","171.43","96"
"Frostproof","25 Jan 2009","59.71","42.49","78.76","0","0","179.16","96"
"Frostproof","26 Jan 2009","62.83","46.99","79.5","0","0","177.54","96"
"Frostproof","27 Jan 2009","67.15","54.81","81.05","0","0","142.92","96"
"Frostproof","28 Jan 2009","70.24","60.21","83.53","0","0","147.11","96"
"Frostproof","29 Jan 2009","70.51","60.03","83.52","0.19","0.08","144.93","96"
"Frostproof","30 Jan 2009","57.55","45.21","67.42","1.04","0.15","75.06","96"
"Frostproof","31 Jan 2009","48.64","37.85","60.58","0","0","204.13","95"
"Fort Pierce","1 Jan 2009","62.91","52.07","71.29","0","0","131.74","96"
"Fort Pierce","2 Jan 2009","63.81","52.75","75.76","0","0","155.3","96"
"Fort Pierce","3 Jan 2009","63.11","48.42","76.87","0","0","166.24","96"
"Fort Pierce","4 Jan 2009","65.7","55.49","77.36","0","0","163.52","96"
"Fort Pierce","5 Jan 2009","65.01","51.94","79.81","0","0","182.5","96"
"Fort Pierce","6 Jan 2009","69.56","54.48","83.19","0","0","168.75","96"
"Fort Pierce","7 Jan 2009","68.46","56.53","82.27","0.01","0.01","125.53","96"
"Fort Pierce","8 Jan 2009","57.81","43.2","72.75","0","0","204.19","96"
"Fort Pierce","9 Jan 2009","57.16","44.18","72","0","0","204.51","96"
"Fort Pierce","10 Jan 2009","60.93","46.11","76.41","0","0","195.34","96"
"Fort Pierce","11 Jan 2009","64.18","48.06","79.72","0","0","199.44","96"
"Fort Pierce","12 Jan 2009","63.22","53.67","75.02","0","0","120.93","96"
"Fort Pierce","13 Jan 2009","63.81","51.03","76.69","0","0","82.46","96"
"Fort Pierce","14 Jan 2009","54.29","42.16","68.34","0","0","174.09","96"
"Fort Pierce","15 Jan 2009","52.36","42.53","61.14","0","0","57.57","96"
"Fort Pierce","16 Jan 2009","56.26","45.07","66.69","0","0","184.68","96"
"Fort Pierce","17 Jan 2009","53.72","42.19","68.23","0","0","208.75","96"
"Fort Pierce","18 Jan 2009","59.41","44.2","75.02","0","0","201.29","96"
"Fort Pierce","19 Jan 2009","63.4","53.46","76.71","0","0","160.65","96"
"Fort Pierce","20 Jan 2009","56.41","40.35","64.94","0","0","214.68","96"
"Fort Pierce","21 Jan 2009","39.83","27.41","54.48","0","0","226.42","96"
"Fort Pierce","22 Jan 2009","43.74","26.52","65.73","0","0","221.31","96"
"Fort Pierce","23 Jan 2009","50.08","32.14","70.5","0","0","219.27","96"
"Fort Pierce","24 Jan 2009","55.1","37.19","75.92","0","0","200.92","96"
"Fort Pierce","25 Jan 2009","58.01","42.07","77.2","0","0","210.47","96"
"Fort Pierce","26 Jan 2009","60.77","46.22","78.4","0","0","197.75","96"
"Fort Pierce","27 Jan 2009","65.83","51.44","78.21","0","0","186.63","96"
"Fort Pierce","28 Jan 2009","70.97","57.74","84.09","0","0","179.3","96"
"Fort Pierce","29 Jan 2009","70.94","57.74","85.77","0","0","214.92","96"
"Fort Pierce","30 Jan 2009","57.53","40.23","65.93","0","0","43.31","96"
"Fort Pierce","31 Jan 2009","49.2","41.23","61.23","0","0","230.12","96"
"Hastings","1 Jan 2009","54.21","42.6","63.36","0","0","98.99","96"
"Hastings","2 Jan 2009","59.22","48.25","74.88","0","0","114.21","96"
"Hastings","3 Jan 2009","61.12","49.35","74.26","0","0","102.48","96"
"Hastings","4 Jan 2009","65.48","55.56","79.99","0","0","138.59","96"
"Hastings","5 Jan 2009","64.34","51.55","80.51","0","0","144.25","96"
"Hastings","6 Jan 2009","65.67","54.39","80.33","0","0","116.11","96"
"Hastings","7 Jan 2009","63.24","44.74","72.43","0.07","0.06","55.28","96"
"Hastings","8 Jan 2009","54.64","36.11","71.33","0","0","163.15","96"
"Hastings","9 Jan 2009","51.06","39.87","65.64","0","0","168.29","96"
"Hastings","10 Jan 2009","56.45","37.1","76.42","0","0","160.85","96"
"Hastings","11 Jan 2009","63.48","50.05","76.96","0.04","0.02","75.4","96"
"Hastings","12 Jan 2009","54","47.82","60.67","0.83","0.14","32.3","96"
"Hastings","13 Jan 2009","52.99","43.87","57.27","1.11","0.06","18.26","96"
"Hastings","14 Jan 2009","47.9","39.86","60.1","0","0","167.89","96"
"Hastings","15 Jan 2009","45.46","33.94","57.22","0","0","110.1","96"
"Hastings","16 Jan 2009","42.23","35.13","50.92","0","0","170.77","96"
"Hastings","17 Jan 2009","42.32","32.44","54.46","0","0","173.49","96"
"Hastings","18 Jan 2009","51.68","34.12","68.56","0","0","171.21","96"
"Hastings","19 Jan 2009","58.84","48.18","67.35","0.16","0.07","145.92","96"
"Hastings","20 Jan 2009","44.69","35.46","58.26","0","0","189.86","96"
"Hastings","21 Jan 2009","35","28.29","47.59","0","0","196.11","96"
"Hastings","22 Jan 2009","39.4","25.11","59.18","0","0","192.1","96"
"Hastings","23 Jan 2009","46.49","28.44","69.42","0","0","174.88","96"
"Hastings","24 Jan 2009","53.88","35.83","73.31","0","0","150.49","96"
"Hastings","25 Jan 2009","61.79","56.03","71.17","0","0","75.43","96"
"Hastings","26 Jan 2009","61.41","53.28","75.47","0","0","149.7","96"
"Hastings","27 Jan 2009","61.11","49.93","75.99","0.01","0.01","155.88","96"
"Hastings","28 Jan 2009","68.8","59.67","80.38","0.02","0.02","113.19","96"
"Hastings","29 Jan 2009","62.88","57.7","68.58","1.2","0.25","21.27","96"
"Hastings","30 Jan 2009","52.8","44.74","59.02","0.04","0.02","114.92","96"
"Hastings","31 Jan 2009","45.8","33.52","59.81","0","0","199.47","96"
"Homestead","1 Jan 2009","64.84","51.15","76.08","0","0","98.47","96"
"Homestead","2 Jan 2009","65.57","53.65","75.9","0","0","99.99","96"
"Homestead","3 Jan 2009","62.59","50.25","77.11","0","0","127.08","96"
"Homestead","4 Jan 2009","67.77","57.02","78.58","0","0","79.17","96"
"Homestead","5 Jan 2009","68.32","58.23","79.12","0","0","94.77","96"
"Homestead","6 Jan 2009","68.87","56.14","82.9","0","0","119.15","96"
"Homestead","7 Jan 2009","71.86","63.79","83.46","0.01","0.01","88.13","96"
"Homestead","8 Jan 2009","62.83","51.33","75.2","0","0","136.24","96"
"Homestead","9 Jan 2009","59.38","44.92","77.41","0","0","141.44","96"
"Homestead","10 Jan 2009","61.39","48.34","77.45","0","0","115.44","96"
"Homestead","11 Jan 2009","64.94","50.22","82.31","0","0","125.13","96"
"Homestead","12 Jan 2009","66","53.46","82.11","0","0","112.32","96"
"Homestead","13 Jan 2009","69.05","58.33","81.01","0.04","0.04","78.55","96"
"Homestead","14 Jan 2009","61.35","53.19","73.38","0","0","136.59","96"
"Homestead","15 Jan 2009","60.31","54.23","69.21","0","0","97.38","96"
"Homestead","16 Jan 2009","62.22","54.32","73.4","0","0","88","96"
"Homestead","17 Jan 2009","59.46","50.77","73.9","0","0","152.39","96"
"Homestead","18 Jan 2009","62.46","51.15","74.52","0","0","91.99","96"
"Homestead","19 Jan 2009","63.39","48.74","75.11","0","0","112.9","96"
"Homestead","20 Jan 2009","61.02","49.03","67.98","0","0","64.46","96"
"Homestead","21 Jan 2009","46.42","33.45","57.74","0","0","177.79","96"
"Homestead","22 Jan 2009","48.77","33.18","67.33","0","0","165.75","96"
"Homestead","23 Jan 2009","56.21","40.69","73.71","0","0","161.08","96"
"Homestead","24 Jan 2009","60.69","45.77","78.75","0","0","153.04","96"
"Homestead","25 Jan 2009","59.66","45.23","79.54","0","0","116.59","96"
"Homestead","26 Jan 2009","63.19","47.98","76.98","0.01","0.01","163.7","96"
"Homestead","27 Jan 2009","70.25","63.75","78.31","0","0","176.75","96"
"Homestead","28 Jan 2009","69.86","59.05","80.46","0","0","161.29","96"
"Homestead","29 Jan 2009","70.12","56.68","84.25","0","0","194.8","96"
"Homestead","30 Jan 2009","65.51","52.72","83.03","0","0","129","96"
"Homestead","31 Jan 2009","53.77","40.96","64.54","0","0","219.11","96"
"Immokalee","1 Jan 2009","62.9","46.96","79.61","0","0","170.88","96"
"Immokalee","2 Jan 2009","64.21","50.99","79","0","0","124.56","96"
"Immokalee","3 Jan 2009","64.75","50.74","80.29","0","0","152.87","96"
"Immokalee","4 Jan 2009","67.69","52.9","85.78","0","0","144.76","96"
"Immokalee","5 Jan 2009","70.24","58.48","85.19","0","0","150.22","96"
"Immokalee","6 Jan 2009","69.4","56.23","84.67","0","0","148.87","96"
"Immokalee","7 Jan 2009","68.2","53.82","83.25","0","0","108.05","96"
"Immokalee","8 Jan 2009","58.75","46.09","75.61","0","0","179.47","96"
"Immokalee","9 Jan 2009","58.09","42.38","79.12","0","0","183.1","96"
"Immokalee","10 Jan 2009","61.85","44.83","82.63","0","0","180.79","96"
"Immokalee","11 Jan 2009","62.95","47.66","82.78","0","0","179.3","96"
"Immokalee","12 Jan 2009","66.29","54.05","84.88","0","0","152.73","96"
"Immokalee","13 Jan 2009","64.71","55.89","77.56","0.03","0.03","63.14","96"
"Immokalee","14 Jan 2009","55.3","42.69","70.95","0","0","178.04","96"
"Immokalee","15 Jan 2009","51.53","40.88","60.53","0","0","81.07","96"
"Immokalee","16 Jan 2009","56.62","45.19","70.3","0","0","127.65","96"
"Immokalee","17 Jan 2009","53.02","36.95","70.03","0","0","194.2","96"
"Immokalee","18 Jan 2009","58.46","46.08","77.63","0","0","161.8","96"
"Immokalee","19 Jan 2009","63","52.2","76.59","0.01","0.01","151.12","96"
"Immokalee","20 Jan 2009","58.66","41.27","67.28","0.02","0.01","158.56","96"
"Immokalee","21 Jan 2009","43.17","27.49","58.19","0","0","206.94","96"
"Immokalee","22 Jan 2009","44.24","25.16","68.43","0","0","205.64","96"
"Immokalee","23 Jan 2009","52.06","31.13","75.27","0","0","201.79","96"
"Immokalee","24 Jan 2009","56.92","39.19","77.7","0","0","195.19","96"
"Immokalee","25 Jan 2009","60.54","41.88","80.06","0","0","188.24","96"
"Immokalee","26 Jan 2009","62.92","46.2","81.88","0","0","163.56","96"
"Immokalee","27 Jan 2009","67.68","50.61","84.34","0","0","167.29","96"
"Immokalee","28 Jan 2009","69.64","54.84","86.56","0","0","195.05","96"
"Immokalee","29 Jan 2009","69.09","54.27","87.33","0","0","196.18","96"
"Immokalee","30 Jan 2009","59.73","44.01","68.43","0.02","0.01","43.98","96"
"Immokalee","31 Jan 2009","48.1","34.54","64.67","0","0","222.81","96"
"Jay","1 Jan 2009","46.02","30.89","57.07","0","0","95.39","96"
"Jay","2 Jan 2009","60.09","46.69","71.17","0.06","0.03","81.77","96"
"Jay","3 Jan 2009","65.13","58.96","74.05","1","0.21","64.12","95"
"Jay","4 Jan 2009","63.39","54.37","74.97","0.07","0.04","103.97","96"
"Jay","5 Jan 2009","66.78","58.35","76.08","0.01","0.01","123.56","96"
"Jay","6 Jan 2009","70.59","60.84","75.22","0.41","0.22","59.57","96"
"Jay","7 Jan 2009","54.76","43.12","62.87","0.15","0.06","151.76","96"
"Jay","8 Jan 2009","54.8","40.21","71.02","0","0","148.84","96"
"Jay","9 Jan 2009","52.98","38.33","68.49","0","0","151.53","94"
"Jay","10 Jan 2009","64.6","55.17","69.26","0.14","0.04","22.89","96"
"Jay","11 Jan 2009","47.68","36.49","69.19","0.01","0.01","43.11","94"
"Jay","12 Jan 2009","41.69","29.24","56.53","0","0","135.59","95"
"Jay","13 Jan 2009","46.56","33.01","62.67","0","0","153.6","96"
"Jay","14 Jan 2009","39.58","27.05","56.12","0","0","155.44","95"
"Jay","15 Jan 2009","41.22","30.84","54.95","0","0","145.1","96"
"Jay","16 Jan 2009","32.62","25.26","43.87","0","0","159.72","94"
"Jay","17 Jan 2009","39.35","22.43","55.26","0","0","165.63","91"
"Jay","18 Jan 2009","53.23","38.74","65.28","0.06","0.03","83.91","95"
"Jay","19 Jan 2009","46.03","32.5","64.67","0","0","108.23","96"
"Jay","20 Jan 2009","33.51","25.28","43.85","0.01","0.01","152","91"
"Jay","21 Jan 2009","32.44","20.27","48.92","0","0","173.98","96"
"Jay","22 Jan 2009","41.44","22.31","60.15","0","0","166.62","96"
"Jay","23 Jan 2009","55.3","37.36","72.09","0","0","134.08","96"
"Jay","24 Jan 2009","55.74","50.45","63.46","0.02","0.01","31.22","96"
"Jay","25 Jan 2009","53.99","49.33","59.07","0","0","45.17","96"
"Jay","26 Jan 2009","57.86","51.19","72.37","0","0","95.01","96"
"Jay","27 Jan 2009","62.14","49.12","73.56","0","0","99.79","96"
"Jay","28 Jan 2009","59.3","45.16","67.96","0.39","0.19","61.1","96"
"Jay","29 Jan 2009","44.4","37.71","56.7","0","0","139.88","96"
"Jay","30 Jan 2009","42.29","29.99","55.45","0","0","168.22","96"
"Jay","31 Jan 2009","45.34","29.48","64.45","0","0","177.92","96"
"Kenansville","1 Jan 2009","56.86","43.76","69.64","0","0","102.84","96"
"Kenansville","2 Jan 2009","61.01","46.87","77.38","0","0","110.75","96"
"Kenansville","3 Jan 2009","61.95","46.74","78.24","0","0","117.12","96"
"Kenansville","4 Jan 2009","64.75","49.91","81.46","0","0","128.06","96"
"Kenansville","5 Jan 2009","64.19","50.11","81.91","0","0","139.65","96"
"Kenansville","6 Jan 2009","67.02","52.03","82.44","0","0","121.22","96"
"Kenansville","7 Jan 2009","64.59","46.36","80.53","0.04","0.02","66.26","95"
"Kenansville","8 Jan 2009","52.98","37.63","71.56","0","0","155.02","96"
"Kenansville","9 Jan 2009","53.1","38.02","73.53","0","0","144.96","96"
"Kenansville","10 Jan 2009","58.76","41.95","79.14","0","0","143.91","96"
"Kenansville","11 Jan 2009","62.23","46","79.48","0","0","140.22","96"
"Kenansville","12 Jan 2009","60.95","53.85","68.61","0.05","0.03","61.76","96"
"Kenansville","13 Jan 2009","60.3","48.61","79.16","0.18","0.11","82.42","96"
"Kenansville","14 Jan 2009","50.75","38.97","68.76","0","0","149.3","96"
"Kenansville","15 Jan 2009","48.17","34.84","60.91","0","0","74.96","96"
"Kenansville","16 Jan 2009","51.01","41.87","61.84","0","0","144.9","96"
"Kenansville","17 Jan 2009","50.01","36.63","66.34","0","0","159.26","96"
"Kenansville","18 Jan 2009","55.41","35.3","72.91","0","0","151.94","96"
"Kenansville","19 Jan 2009","60.78","52.21","72.14","0","0","143.5","96"
"Kenansville","20 Jan 2009","51.53","37.8","60.76","0.09","0.07","166.51","96"
"Kenansville","21 Jan 2009","35.49","21.18","51.64","0","0","180.27","96"
"Kenansville","22 Jan 2009","38.26","19.27","64.22","0","0","178.1","96"
"Kenansville","23 Jan 2009","46.38","23.73","72.03","0","0","174.31","96"
"Kenansville","24 Jan 2009","51.82","33.29","75.54","0","0","156.52","96"
"Kenansville","25 Jan 2009","57.39","38.87","79.97","0","0","163.84","96"
"Kenansville","26 Jan 2009","59.95","42.68","81.25","0","0","151.59","96"
"Kenansville","27 Jan 2009","64.56","49.77","81.48","0","0","143.92","96"
"Kenansville","28 Jan 2009","67.3","54.39","83.62","0","0","145.53","96"
"Kenansville","29 Jan 2009","69.54","56.28","84.06","0.15","0.05","144.09","96"
"Kenansville","30 Jan 2009","55.5","38.78","66.15","0.76","0.13","55.57","96"
"Kenansville","31 Jan 2009","46.43","32.26","60.91","0","0","187.31","96"
"Lake Alfred","1 Jan 2009","58.42","47.21","69.46","0","0","114.02","96"
"Lake Alfred","2 Jan 2009","63.78","55.13","79.56","0","0","91.93","96"
"Lake Alfred","3 Jan 2009","64.94","55.33","77.76","0","0","115.15","96"
"Lake Alfred","4 Jan 2009","67.2","56.88","82.51","0","0","123.97","96"
"Lake Alfred","5 Jan 2009","66.59","54.88","81.79","0","0","140.98","96"
"Lake Alfred","6 Jan 2009","70.21","60.48","84.29","0","0","138.92","96"
"Lake Alfred","7 Jan 2009","65.35","50.31","78.39","0.09","0.06","46.88","96"
"Lake Alfred","8 Jan 2009","58.12","44.47","71.35","0","0","156.01","96"
"Lake Alfred","9 Jan 2009","58.01","48.76","72.3","0","0","156.07","96"
"Lake Alfred","10 Jan 2009","60.69","46.02","79.61","0","0","150.83","96"
"Lake Alfred","11 Jan 2009","65.72","54.68","80.6","0","0","142.65","96"
"Lake Alfred","12 Jan 2009","62.11","55.71","65.55","0","0","35.39","96"
"Lake Alfred","13 Jan 2009","60.21","48.65","77.4","0.15","0.05","69.65","96"
"Lake Alfred","14 Jan 2009","51.96","38.4","66.76","0.02","0.02","159.19","96"
"Lake Alfred","15 Jan 2009","47.47","36.62","60.24","0","0","77.43","96"
"Lake Alfred","16 Jan 2009","48.62","40.54","60.21","0","0","150.01","96"
"Lake Alfred","17 Jan 2009","47.7","32.26","63.73","0","0","161.62","96"
"Lake Alfred","18 Jan 2009","55.11","36.97","73.22","0","0","159.1","96"
"Lake Alfred","19 Jan 2009","61.58","54.57","70.12","0.01","0.01","144.88","96"
"Lake Alfred","20 Jan 2009","49.99","36.35","61.43","0.02","0.01","157.36","96"
"Lake Alfred","21 Jan 2009","37.88","27.82","51.89","0","0","174.66","96"
"Lake Alfred","22 Jan 2009","41.76","26.4","63.3","0","0","172.58","96"
"Lake Alfred","23 Jan 2009","49.83","31.02","72.28","0","0","170.13","96"
"Lake Alfred","24 Jan 2009","55.14","39.1","74.1","0","0","142.06","96"
"Lake Alfred","25 Jan 2009","60.3","45.91","79.07","0","0","158","96"
"Lake Alfred","26 Jan 2009","63.52","47.52","80.26","0","0","158.35","96"
"Lake Alfred","27 Jan 2009","66.78","54.79","82.02","0","0","136.77","96"
"Lake Alfred","28 Jan 2009","70.3","60.39","83.8","0","0","123.6","96"
"Lake Alfred","29 Jan 2009","68.71","61.29","82.78","0.45","0.08","97.34","96"
"Lake Alfred","30 Jan 2009","56.17","45.34","65.01","0.9","0.11","80.31","96"
"Lake Alfred","31 Jan 2009","47.53","34.52","60.03","0","0","180.16","96"
"Live Oak","1 Jan 2009","48.04","36.38","60.19","0","0","112.33","96"
"Live Oak","2 Jan 2009","57.67","42.23","73.08","0","0","113.38","96"
"Live Oak","3 Jan 2009","59.67","53.71","67.68","0","0","46.19","96"
"Live Oak","4 Jan 2009","63.42","54","79.57","0.01","0.01","109.07","96"
"Live Oak","5 Jan 2009","63.36","53.65","77.22","0","0","138.93","96"
"Live Oak","6 Jan 2009","66.56","59.2","75.33","0","0","72.82","96"
"Live Oak","7 Jan 2009","62.74","39.66","71.1","0.07","0.07","99.69","96"
"Live Oak","8 Jan 2009","53.88","36.46","71.01","0.02","0.01","151.05","96"
"Live Oak","9 Jan 2009","50.12","36.01","67.42","0","0","158.47","96"
"Live Oak","10 Jan 2009","54.59","31.81","75.27","0","0","153.42","96"
"Live Oak","11 Jan 2009","61.54","50.72","72.55","0.19","0.08","40.19","96"
"Live Oak","12 Jan 2009","46.92","37.89","52.65","0","0","63.85","96"
"Live Oak","13 Jan 2009","45.63","36.39","52.27","0.64","0.05","32.33","96"
"Live Oak","14 Jan 2009","40.52","30.15","55.85","0","0","165.52","96"
"Live Oak","15 Jan 2009","42.05","27.71","60.73","0","0","125.16","96"
"Live Oak","16 Jan 2009","36.34","26.02","47.1","0","0","159.94","96"
"Live Oak","17 Jan 2009","35.56","22.53","55.11","0","0","162.73","96"
"Live Oak","18 Jan 2009","47.17","26.67","66.15","0.35","0.08","130.79","96"
"Live Oak","19 Jan 2009","53.29","41.49","64.78","0.05","0.02","109.27","96"
"Live Oak","20 Jan 2009","37.78","29.51","48.18","0","0","171.17","96"
"Live Oak","21 Jan 2009","31.24","21.71","46.2","0","0","174.57","96"
"Live Oak","22 Jan 2009","38.32","19.02","58.01","0","0","173.21","96"
"Live Oak","23 Jan 2009","51.02","32.07","68.52","0","0","157.79","96"
"Live Oak","24 Jan 2009","56.73","46.4","70.43","0","0","97.67","96"
"Live Oak","25 Jan 2009","60.69","55","69.4","0","0","61.42","96"
"Live Oak","26 Jan 2009","62.18","52.32","75","0","0","100.73","96"
"Live Oak","27 Jan 2009","61.92","47.01","79.52","0","0","143.31","96"
"Live Oak","28 Jan 2009","65.01","57.54","74.57","0.54","0.14","76.47","96"
"Live Oak","29 Jan 2009","55.86","48.18","60.1","0.53","0.09","49.69","96"
"Live Oak","30 Jan 2009","48.74","37.9","58.75","0","0","152.88","96"
"Live Oak","31 Jan 2009","42.54","26.71","61.43","0.01","0.01","185.88","96"
"Macclenny","1 Jan 2009","47.98","34.86","62.06","0","0","103.31","95"
"Macclenny","2 Jan 2009","56.67","39.88","75.96","0","0","109.26","96"
"Macclenny","3 Jan 2009","58.83","50.67","67.06","0","0","43.53","96"
"Macclenny","4 Jan 2009","63.99","54.95","80.2","0","0","134.45","96"
"Macclenny","5 Jan 2009","62.44","50.2","81.97","0","0","136.49","96"
"Macclenny","6 Jan 2009","66.72","55.4","79.29","0","0","84.19","96"
"Macclenny","7 Jan 2009","62.49","39.41","72.72","0.11","0.08","94.78","96"
"Macclenny","8 Jan 2009","53.81","34.16","73.45","0","0","154.35","93"
"Macclenny","9 Jan 2009","49.38","34.96","68.4","0","0","161.3","95"
"Macclenny","10 Jan 2009","53.48","31.72","77.36","0","0","154.73","96"
"Macclenny","11 Jan 2009","62.43","53.08","73.8","0.06","0.05","53.17","96"
"Macclenny","12 Jan 2009","48.64","40.08","53.62","0","0","53.25","95"
"Macclenny","13 Jan 2009","46.45","38.5","50.72","0.82","0.08","17.7","96"
"Macclenny","14 Jan 2009","41.53","30.03","59.74","0","0","165.53","96"
"Macclenny","15 Jan 2009","42.37","27.13","64.45","0","0","129.4","96"
"Macclenny","16 Jan 2009","37.62","25.96","50.61","0","0","157.83","96"
"Macclenny","17 Jan 2009","37.06","21.4","57.04","0","0","163.36","96"
"Macclenny","18 Jan 2009","48.79","27.42","69.19","0.01","0.01","159.34","96"
"Macclenny","19 Jan 2009","55.51","41.92","69.76","0.37","0.21","118.22","96"
"Macclenny","20 Jan 2009","39.89","25.3","52.11","0","0","171","96"
"Macclenny","21 Jan 2009","31.78","21.41","48.92","0","0","174.99","96"
"Macclenny","22 Jan 2009","37.18","19.31","61.16","0","0","173.75","96"
"Macclenny","23 Jan 2009","48.52","28.55","72.61","0","0","163.65","96"
"Macclenny","24 Jan 2009","54.64","39.66","72.23","0.01","0.01","105.54","96"
"Macclenny","25 Jan 2009","62.06","55.96","74.08","0","0","93.88","96"
"Macclenny","26 Jan 2009","61.11","54.37","78.03","0","0","118.43","96"
"Macclenny","27 Jan 2009","59.92","47.79","77.63","0","0","127.97","96"
"Macclenny","28 Jan 2009","66.78","56.8","79.57","0.55","0.15","98.77","96"
"Macclenny","29 Jan 2009","59.01","52.09","66.25","1.42","0.21","39.62","95"
"Macclenny","30 Jan 2009","48.95","36.79","61.23","0.01","0.01","136.88","92"
"Macclenny","31 Jan 2009","42.36","26.06","62.56","0","0","186.6","96"
"Marianna","1 Jan 2009","44.46","32.62","58.66","0","0","118.55","96"
"Marianna","2 Jan 2009","59.71","45","74.93","0","0","126.88","96"
"Marianna","3 Jan 2009","66.39","60.21","75.83","0.91","0.56","76.8","96"
"Marianna","4 Jan 2009","65.24","58.44","78.53","0.16","0.06","126.31","96"
"Marianna","5 Jan 2009","64.08","59.99","72.52","0.01","0.01","56.66","96"
"Marianna","6 Jan 2009","70.22","63.9","76.98","0","0","87.94","96"
"Marianna","7 Jan 2009","58.62","42.9","73.24","0.18","0.08","160.56","96"
"Marianna","8 Jan 2009","55.41","40.17","71.49","0","0","157.03","96"
"Marianna","9 Jan 2009","51.07","38.25","69.89","0","0","162.86","96"
"Marianna","10 Jan 2009","58.54","39.78","70.7","0.07","0.03","64.57","96"
"Marianna","11 Jan 2009","55.52","42.67","68.7","0.05","0.05","40.04","96"
"Marianna","12 Jan 2009","44.49","34.74","55.51","0","0","138.86","96"
"Marianna","13 Jan 2009","49.1","42.58","60.28","0","0","150.52","96"
"Marianna","14 Jan 2009","41.65","32","55.92","0","0","173.44","96"
"Marianna","15 Jan 2009","42.97","29.53","57.96","0","0","147.07","96"
"Marianna","16 Jan 2009","34.18","27.09","44.45","0","0","177.31","96"
"Marianna","17 Jan 2009","37.79","23.01","54.34","0","0","173.46","96"
"Marianna","18 Jan 2009","51.67","41.25","63.82","0.59","0.27","71.16","96"
"Marianna","19 Jan 2009","46.56","35.5","58.5","0","0","72.83","96"
"Marianna","20 Jan 2009","35.09","28.47","42.01","0","0","182.51","96"
"Marianna","21 Jan 2009","33.07","22.88","47.62","0.01","0.01","185.71","96"
"Marianna","22 Jan 2009","41.16","22.24","61.27","0","0","179.62","96"
"Marianna","23 Jan 2009","52.92","32.76","71.26","0","0","147.67","96"
"Marianna","24 Jan 2009","59.75","53.1","72.1","0","0","58.05","95"
"Marianna","25 Jan 2009","57.57","52.11","62.65","0.01","0.01","60.83","96"
"Marianna","26 Jan 2009","60.42","51.35","75.94","0","0","141.41","96"
"Marianna","27 Jan 2009","61.48","49.28","77.5","0","0","154.8","96"
"Marianna","28 Jan 2009","62.84","54.05","71.02","0.34","0.24","74.43","96"
"Marianna","29 Jan 2009","50.44","44.52","59","0","0","164.97","96"
"Marianna","30 Jan 2009","45.75","32.71","56.34","0","0","181.35","96"
"Marianna","31 Jan 2009","43.87","28.8","62.73","0","0","191.01","96"
"Monticello","1 Jan 2009","45.47","33.22","59.79","0","0","89.95","96"
"Monticello","2 Jan 2009","58.47","42.33","72.77","0","0","102.44","96"
"Monticello","3 Jan 2009","66.28","62.46","75.58","0","0","74.69","96"
"Monticello","4 Jan 2009","65.95","56.98","78.42","0.12","0.05","125.61","96"
"Monticello","5 Jan 2009","62.91","57.85","74.61","0","0","103.06","96"
"Monticello","6 Jan 2009","66.48","58.48","73.63","0","0","48.7","96"
"Monticello","7 Jan 2009","61.39","41.55","71.22","0.22","0.21","109.76","96"
"Monticello","8 Jan 2009","55.28","39.38","72.93","0","0","142.29","96"
"Monticello","9 Jan 2009","49.28","35.16","69.93","0","0","148.37","96"
"Monticello","10 Jan 2009","56.53","38.53","74.91","0","0","125.93","95"
"Monticello","11 Jan 2009","61.4","46.33","71.47","0.08","0.05","34.53","96"
"Monticello","12 Jan 2009","45.58","36.86","54.48","0","0","84.81","96"
"Monticello","13 Jan 2009","47.04","36.34","58.96","0.05","0.02","85.76","96"
"Monticello","14 Jan 2009","40.98","29.81","56.39","0","0","158.4","96"
"Monticello","15 Jan 2009","43.21","26.95","62.62","0","0","150.92","96"
"Monticello","16 Jan 2009","35.3","23.64","46.67","0","0","164.79","96"
"Monticello","17 Jan 2009","34.85","19.96","55.18","0","0","162.72","96"
"Monticello","18 Jan 2009","51.07","29.37","65.84","0.18","0.05","65.13","96"
"Monticello","19 Jan 2009","50.04","40.45","60.6","0.01","0.01","79.37","96"
"Monticello","20 Jan 2009","36.76","30.14","44.64","0","0","172.56","96"
"Monticello","21 Jan 2009","32.21","21.89","47.8","0","0","178.03","96"
"Monticello","22 Jan 2009","37.21","19.54","60.87","0.01","0.01","105.68","82"
"Monticello","23 Jan 2009","49.14","30.16","70.95","0","0","156.54","96"
"Monticello","24 Jan 2009","59.53","49.03","70.52","0","0","90.07","96"
"Monticello","25 Jan 2009","59.27","55.09","66.07","0.01","0.01","41.51","96"
"Monticello","26 Jan 2009","62.04","53.29","73.36","0","0","80.7","96"
"Monticello","27 Jan 2009","59.09","46.6","77.92","0","0","162.53","96"
"Monticello","28 Jan 2009","62.9","54.23","70.05","0.18","0.14","51.15","96"
"Monticello","29 Jan 2009","54.75","44.67","63.9","0.14","0.04","130.84","96"
"Monticello","30 Jan 2009","47.93","35.44","58.77","0","0","163.74","96"
"Monticello","31 Jan 2009","43.17","26.12","63.14","0","0","200.17","96"
"North Port","1 Jan 2009","62.22","50.43","77.74","0","0","169.41","96"
"North Port","2 Jan 2009","62.27","51.28","78.15","0","0","136.14","96"
"North Port","3 Jan 2009","63.34","51.33","79.32","0","0","145.71","96"
"North Port","4 Jan 2009","64.98","54","81.48","0","0","157.04","96"
"North Port","5 Jan 2009","65.16","54.57","81.05","0","0","142.52","96"
"North Port","6 Jan 2009","66.59","53.08","82.02","0","0","167.1","96"
"North Port","7 Jan 2009","65.44","47.73","79.36","0.06","0.04","95.24","96"
"North Port","8 Jan 2009","54.06","41.27","71.49","0","0","177.42","96"
"North Port","9 Jan 2009","56.2","42.77","75.2","0","0","179.16","96"
"North Port","10 Jan 2009","59.64","46.69","79.14","0","0","176.54","96"
"North Port","11 Jan 2009","62.48","49.17","78.24","0","0","164.88","96"
"North Port","12 Jan 2009","65","58.19","75.74","0","0","87.68","96"
"North Port","13 Jan 2009","61.03","51.8","76.1","0.29","0.2","74.79","96"
"North Port","14 Jan 2009","52.85","40.51","68.2","0","0","152.68","96"
"North Port","15 Jan 2009","49.09","40.66","57.87","0","0","91.18","96"
"North Port","16 Jan 2009","51.44","43.05","63.18","0","0","174.47","96"
"North Port","17 Jan 2009","48.39","35.01","66.43","0","0","187.53","96"
"North Port","18 Jan 2009","54.7","38.3","71.82","0","0","184.8","96"
"North Port","19 Jan 2009","65.54","59.83","72.27","0","0","176.42","96"
"North Port","20 Jan 2009","55.36","46.09","68.27","0.16","0.11","121.48","96"
"North Port","21 Jan 2009","41.81","28.13","53.06","0","0","190.45","96"
"North Port","22 Jan 2009","40.12","24.8","62.13","0","0","200.09","96"
"North Port","23 Jan 2009","46.75","26.54","72.79","0","0","198.45","96"
"North Port","24 Jan 2009","50.85","33.92","71.38","0","0","168.69","96"
"North Port","25 Jan 2009","54.8","37.61","76.39","0","0","189.04","96"
"North Port","26 Jan 2009","60.34","44.33","80.26","0","0","177.56","96"
"North Port","27 Jan 2009","65.2","51.98","83.82","0","0","188.56","96"
"North Port","28 Jan 2009","67.85","55.85","80.6","0","0","173.92","96"
"North Port","29 Jan 2009","70.81","62.74","80.73","0","0","185.3","96"
"North Port","30 Jan 2009","57.08","38.67","68.5","0.29","0.09","88.97","96"
"North Port","31 Jan 2009","46","33.4","61.84","0","0","211.24","96"
"Ocklawaha","1 Jan 2009","56.26","42.4","68.4","0","0","131.36","96"
"Ocklawaha","2 Jan 2009","62.89","53.98","77.16","0","0","119.22","96"
"Ocklawaha","3 Jan 2009","63.32","51.96","77.54","0","0","136.61","96"
"Ocklawaha","4 Jan 2009","66.21","53.42","82.27","0","0","161.74","96"
"Ocklawaha","5 Jan 2009","64.4","53.13","81.84","0","0","156.62","96"
"Ocklawaha","6 Jan 2009","67.46","55.36","84.15","0","0","146.14","96"
"Ocklawaha","7 Jan 2009","63.14","45.9","74.3","0.03","0.03","62.63","96"
"Ocklawaha","8 Jan 2009","56.74","40.79","74.17","0","0","185.31","96"
"Ocklawaha","9 Jan 2009","55.72","42.66","71.2","0","0","189.14","96"
"Ocklawaha","10 Jan 2009","58.78","40.89","79.32","0","0","182.96","96"
"Ocklawaha","11 Jan 2009","65","53.67","79.95","0.01","0.01","118.74","96"
"Ocklawaha","12 Jan 2009","55.48","50.74","64.76","0.13","0.04","41.66","96"
"Ocklawaha","13 Jan 2009","53.78","41.83","58.35","0.65","0.08","26.8","96"
"Ocklawaha","14 Jan 2009","48.9","37.48","67.68","0","0","190.97","96"
"Ocklawaha","15 Jan 2009","44.22","34.23","58.19","0","0","89.11","96"
"Ocklawaha","16 Jan 2009","44.35","35.74","56.03","0","0","188.83","96"
"Ocklawaha","17 Jan 2009","44.27","30.4","61.43","0","0","194.4","96"
"Ocklawaha","18 Jan 2009","53.35","33.55","74.03","0","0","197.99","96"
"Ocklawaha","19 Jan 2009","59.92","47.53","70.57","0.11","0.04","146.31","96"
"Ocklawaha","20 Jan 2009","45.96","31.67","57.9","0.01","0.01","204.88","96"
"Ocklawaha","21 Jan 2009","35.69","23.58","53.26","0","0","208.3","96"
"Ocklawaha","22 Jan 2009","39.53","24.21","60.67","0","0","209.85","96"
"Ocklawaha","23 Jan 2009","45.43","28.74","67.73","0","0","190.21","96"
"Ocklawaha","24 Jan 2009","54.01","36.77","77.92","0","0","188.87","96"
"Ocklawaha","25 Jan 2009","61.05","48.58","78.51","0","0","121.76","96"
"Ocklawaha","26 Jan 2009","62.81","46.36","82.56","0","0","195.98","96"
"Ocklawaha","27 Jan 2009","65.07","50.99","80.08","0","0","157.58","96"
"Ocklawaha","28 Jan 2009","70.75","62.26","83.73","0","0","130.29","96"
"Ocklawaha","29 Jan 2009","65.16","60.08","70.52","0.33","0.05","47.83","96"
"Ocklawaha","30 Jan 2009","53.32","42.09","64.24","0.15","0.04","132.8","96"
"Ocklawaha","31 Jan 2009","44.98","29.9","64.17","0","0","219.25","96"
"Okahumpka","1 Jan 2009","57.89","49.32","67.95","0","0","123.35","96"
"Okahumpka","2 Jan 2009","61.25","50.95","76.59","0","0","122.04","96"
"Okahumpka","3 Jan 2009","62.4","48.34","77.36","0","0","139.87","96"
"Okahumpka","4 Jan 2009","65.56","54.32","80.85","0","0","161.87","96"
"Okahumpka","5 Jan 2009","63.45","49.75","81.97","0","0","150.51","96"
"Okahumpka","6 Jan 2009","66.71","52.18","83.1","0","0","156.96","96"
"Okahumpka","7 Jan 2009","62.99","44.13","74.16","0.03","0.02","63.33","96"
"Okahumpka","8 Jan 2009","53.41","35.2","72.3","0","0","190.17","96"
"Okahumpka","9 Jan 2009","52.37","36.86","70.92","0","0","192.66","96"
"Okahumpka","10 Jan 2009","56.59","37.62","78.17","0","0","185.42","96"
"Okahumpka","11 Jan 2009","64.26","47.61","79.45","0","0","152.17","96"
"Okahumpka","12 Jan 2009","59.19","55.67","66.06","0.02","0.02","61.29","96"
"Okahumpka","13 Jan 2009","56.13","43.96","63.07","0.09","0.02","39.54","96"
"Okahumpka","14 Jan 2009","48.85","34.18","65.77","0","0","194.38","96"
"Okahumpka","15 Jan 2009","42.31","28.09","59.27","0","0","108.69","96"
"Okahumpka","16 Jan 2009","46.08","38.21","56.01","0","0","188.43","96"
"Okahumpka","17 Jan 2009","45.4","28.77","61.86","0","0","197.67","96"
"Okahumpka","18 Jan 2009","51.81","30.59","72.37","0","0","200.82","96"
"Okahumpka","19 Jan 2009","61.8","47.64","71.71","0.03","0.03","167.11","96"
"Okahumpka","20 Jan 2009","46.51","33.38","61.12","0.01","0.01","205.96","96"
"Okahumpka","21 Jan 2009","34.77","23.57","50.4","0","0","213.31","96"
"Okahumpka","22 Jan 2009","37.96","19.57","62.62","0","0","212.49","96"
"Okahumpka","23 Jan 2009","45.21","23.05","71.44","0","0","215.78","96"
"Okahumpka","24 Jan 2009","52.01","29.64","74.66","0","0","193.55","96"
"Okahumpka","25 Jan 2009","61.3","44.69","78.85","0","0","189.34","96"
"Okahumpka","26 Jan 2009","62.24","42.98","81.66","0","0","197.8","96"
"Okahumpka","27 Jan 2009","66.07","49.33","80.82","0","0","165.32","96"
"Okahumpka","28 Jan 2009","70.86","61.88","82.13","0","0","135.55","96"
"Okahumpka","29 Jan 2009","66.65","61.21","76.03","0.54","0.22","63.27","96"
"Okahumpka","30 Jan 2009","54.25","43.38","61.41","0.36","0.08","122.52","96"
"Okahumpka","31 Jan 2009","44.51","28.41","61","0","0","224.88","96"
"Ona","1 Jan 2009","59.76","47.57","74.25","0","0","147","96"
"Ona","2 Jan 2009","62.17","50.2","78.82","0","0","139.17","96"
"Ona","3 Jan 2009","63.85","49.06","78.73","0","0","139.61","96"
"Ona","4 Jan 2009","66.15","53.85","82.49","0","0","143.63","96"
"Ona","5 Jan 2009","66.21","54.57","84.38","0","0","142.32","96"
"Ona","6 Jan 2009","67.39","53.96","83.48","0","0","167.55","96"
"Ona","7 Jan 2009","63.79","46.4","79.39","0.02","0.02","71.57","96"
"Ona","8 Jan 2009","54.18","39.19","72.79","0","0","182.1","96"
"Ona","9 Jan 2009","56.08","43.72","75.18","0","0","178.77","96"
"Ona","10 Jan 2009","59.08","43.98","79.57","0","0","179.24","96"
"Ona","11 Jan 2009","62.17","47.8","80.6","0","0","177.75","96"
"Ona","12 Jan 2009","62.74","54.66","69.98","0","0","57.68","96"
"Ona","13 Jan 2009","61.2","52.03","78.89","0.29","0.23","79.83","96"
"Ona","14 Jan 2009","52.28","39.84","69.73","0","0","172.54","96"
"Ona","15 Jan 2009","47.81","36.81","60.49","0","0","84.88","96"
"Ona","16 Jan 2009","49.95","39.75","63.88","0","0","176.85","96"
"Ona","17 Jan 2009","49.25","34.87","67.66","0","0","193.04","96"
"Ona","18 Jan 2009","54.06","39.48","73.53","0","0","179.03","96"
"Ona","19 Jan 2009","62.17","53.1","72.48","0.1","0.09","151.1","96"
"Ona","20 Jan 2009","52.86","39.61","66.56","0.18","0.09","150.11","96"
"Ona","21 Jan 2009","40.03","29.09","53.29","0","0","198.76","96"
"Ona","22 Jan 2009","40.94","22.21","64.18","0","0","182.97","96"
"Ona","23 Jan 2009","49.45","29.27","75.22","0","0","167.6","96"
"Ona","24 Jan 2009","53.15","35.23","75.06","0","0","160.57","96"
"Ona","25 Jan 2009","57.97","40.15","79.45","0","0","170.62","96"
"Ona","26 Jan 2009","61.93","43.46","80.24","0","0","148.85","96"
"Ona","27 Jan 2009","66.61","53.2","82.47","0","0","124.4","96"
"Ona","28 Jan 2009","68.57","58.19","83.1","0.01","0.01","134.22","96"
"Ona","29 Jan 2009","70.23","59.81","83.86","0","0","124.34","96"
"Ona","30 Jan 2009","58.06","43.17","68.97","0.58","0.2","71.76","96"
"Ona","31 Jan 2009","47.74","33.71","62.58","0","0","116.94","96"
"Palmdale","1 Jan 2009","61.79","49.89","76.23","0","0","152.3","96"
"Palmdale","2 Jan 2009","62.97","50.5","78.73","0","0","119.46","96"
"Palmdale","3 Jan 2009","64.01","48.69","80.26","0","0","141.11","96"
"Palmdale","4 Jan 2009","67.72","54.64","83.01","0","0","137.76","96"
"Palmdale","5 Jan 2009","68.24","57.4","83.93","0","0","128.81","96"
"Palmdale","6 Jan 2009","69.34","56.5","83.8","0","0","133.63","96"
"Palmdale","7 Jan 2009","66.71","51.94","82.62","0.02","0.02","94.4","96"
"Palmdale","8 Jan 2009","57.02","41.63","75.9","0","0","162.63","96"
"Palmdale","9 Jan 2009","57.5","41.01","77.67","0","0","169.9","96"
"Palmdale","10 Jan 2009","62.86","48.7","80.55","0","0","163.57","96"
"Palmdale","11 Jan 2009","62.97","46.08","83.48","0","0","165.37","96"
"Palmdale","12 Jan 2009","65.29","54.43","79.65","0","0","115.61","96"
"Palmdale","13 Jan 2009","63.37","53.96","78.3","0.05","0.03","58.57","96"
"Palmdale","14 Jan 2009","53.02","39.77","68.7","0","0","143.16","96"
"Palmdale","15 Jan 2009","50.22","39.81","57.72","0","0","44.21","96"
"Palmdale","16 Jan 2009","55.97","45.7","67.46","0","0","145.13","96"
"Palmdale","17 Jan 2009","53.79","41.51","69.84","0","0","175.03","96"
"Palmdale","18 Jan 2009","58.12","43.52","76.05","0","0","143.56","96"
"Palmdale","19 Jan 2009","63.54","52.54","79.21","0","0","154.54","96"
"Palmdale","20 Jan 2009","56.34","37.46","64.81","0.02","0.02","151.08","96"
"Palmdale","21 Jan 2009","42.26","30.1","57.87","0","0","192.85","96"
"Palmdale","22 Jan 2009","42.29","22.11","68.25","0","0","195.04","96"
"Palmdale","23 Jan 2009","51.11","29.48","75.25","0","0","183.91","96"
"Palmdale","24 Jan 2009","55.18","36.84","77.27","0","0","170.89","96"
"Palmdale","25 Jan 2009","58.66","40.99","79.56","0","0","171.56","96"
"Palmdale","26 Jan 2009","62.93","47.44","79.59","0","0","159.21","96"
"Palmdale","27 Jan 2009","68.17","56.14","83.32","0","0","133.89","96"
"Palmdale","28 Jan 2009","69.5","55.96","87.26","0","0","161.2","96"
"Palmdale","29 Jan 2009","69.43","57.09","88.21","0","0","180.65","96"
"Palmdale","30 Jan 2009","58.46","42.82","67.1","0.18","0.04","37.97","96"
"Palmdale","31 Jan 2009","47.94","30.62","63.19","0","0","204.26","96"
"Pierson","1 Jan 2009","55.16","47.7","69.31","0","0","104.86","96"
"Pierson","2 Jan 2009","59.71","46.78","80.1","0","0","100.78","96"
"Pierson","3 Jan 2009","61.32","49.3","78.21","0","0","103.29","96"
"Pierson","4 Jan 2009","64.85","54.97","84.72","0","0","127.24","96"
"Pierson","5 Jan 2009","63","50.38","83.32","0","0","117.98","96"
"Pierson","6 Jan 2009","65.24","53.55","85.48","0","0","103.64","96"
"Pierson","7 Jan 2009","61.57","43.67","73.13","0.1","0.09","53.92","95"
"Pierson","8 Jan 2009","53.75","36.85","73.49","0","0","132.99","96"
"Pierson","9 Jan 2009","52.56","40.01","70.74","0","0","134.03","96"
"Pierson","10 Jan 2009","55.53","38.52","81.64","0","0","129.44","96"
"Pierson","11 Jan 2009","63.63","49.21","81.72","0.04","0.02","116","96"
"Pierson","12 Jan 2009","56.36","52.02","64.02","0.16","0.04","30.84","96"
"Pierson","13 Jan 2009","54.9","42.88","59.68","0.2","0.03","25.02","96"
"Pierson","14 Jan 2009","47.69","37.11","64.78","0.01","0.01","137.54","96"
"Pierson","15 Jan 2009","42.96","30.55","57.4","0","0","84.59","96"
"Pierson","16 Jan 2009","44.54","37.39","54.88","0","0","139.11","96"
"Pierson","17 Jan 2009","44.02","31.69","60.42","0","0","138.91","95"
"Pierson","18 Jan 2009","51.05","31.59","76.53","0","0","143.56","96"
"Pierson","19 Jan 2009","59.61","48.49","72.48","0.08","0.04","146.86","96"
"Pierson","20 Jan 2009","46.28","36.95","57.4","0.01","0.01","149.42","96"
"Pierson","21 Jan 2009","34.78","26.07","47.97","0","0","154.56","96"
"Pierson","22 Jan 2009","37.71","22.93","62.69","0","0","152.72","96"
"Pierson","23 Jan 2009","44.22","24.36","70.48","0","0","154.78","96"
"Pierson","24 Jan 2009","52.02","32.44","75.31","0","0","140.55","96"
"Pierson","25 Jan 2009","61.43","47.55","75.27","0","0","109.54","96"
"Pierson","26 Jan 2009","60.72","47.3","82.96","0","0","144.15","96"
"Pierson","27 Jan 2009","63.29","50.07","81.79","0","0","112.42","96"
"Pierson","28 Jan 2009","68.32","59.76","85.23","0.1","0.1","106.51","96"
"Pierson","29 Jan 2009","63.85","59.23","70.47","0.16","0.04","35.44","96"
"Pierson","30 Jan 2009","52.45","43.3","59.2","0.13","0.03","81.15","96"
"Pierson","31 Jan 2009","44.3","29.62","60.64","0","0","165.78","96"
"Putnam Hall","1 Jan 2009","52.16","44.22","62.65","0","0","100.33","96"
"Putnam Hall","2 Jan 2009","58.62","45.32","74.77","0","0","113.3","96"
"Putnam Hall","3 Jan 2009","59.79","48.04","73.2","0","0","90.59","96"
"Putnam Hall","4 Jan 2009","63.83","54.16","78.98","0","0","130.5","96"
"Putnam Hall","5 Jan 2009","62.76","48.27","80.46","0","0","146.42","96"
"Putnam Hall","6 Jan 2009","67.46","58.12","81.88","0","0","121.69","96"
"Putnam Hall","7 Jan 2009","62.9","42.88","71.13","0.05","0.04","70.58","96"
"Putnam Hall","8 Jan 2009","54.53","34.84","71.2","0","0","160.61","96"
"Putnam Hall","9 Jan 2009","53.42","39.47","68.85","0","0","167.19","96"
"Putnam Hall","10 Jan 2009","54.81","34.59","77.16","0","0","164.33","96"
"Putnam Hall","11 Jan 2009","62.58","50.38","72.21","0.06","0.04","48.32","96"
"Putnam Hall","12 Jan 2009","50.68","46.17","58.39","0.45","0.09","43.36","96"
"Putnam Hall","13 Jan 2009","49.27","39.23","52.27","1.26","0.19","19.13","96"
"Putnam Hall","14 Jan 2009","45.16","34.97","60.73","0","0","171.85","96"
"Putnam Hall","15 Jan 2009","43.32","29.13","61.39","0","0","111.62","96"
"Putnam Hall","16 Jan 2009","40.56","30.43","49.87","0","0","169.14","96"
"Putnam Hall","17 Jan 2009","40.42","26.15","56.89","0","0","175.23","96"
"Putnam Hall","18 Jan 2009","49.83","28.63","68.94","0.13","0.07","175.64","96"
"Putnam Hall","19 Jan 2009","57.69","46.56","67.78","0.23","0.12","141.15","96"
"Putnam Hall","20 Jan 2009","42.89","33.77","57.85","0","0","182.03","96"
"Putnam Hall","21 Jan 2009","33.4","24.85","47.07","0","0","185.39","96"
"Putnam Hall","22 Jan 2009","37.96","20.34","59.61","0","0","186.1","96"
"Putnam Hall","23 Jan 2009","47.19","26.82","69.49","0","0","176.62","96"
"Putnam Hall","24 Jan 2009","53.22","34.02","73.54","0","0","145.65","96"
"Putnam Hall","25 Jan 2009","62.53","55.36","72.93","0","0","93.85","96"
"Putnam Hall","26 Jan 2009","60.85","52.86","76.23","0","0","138.16","96"
"Putnam Hall","27 Jan 2009","62.1","46.71","80.47","0","0","165.02","96"
"Putnam Hall","28 Jan 2009","68.61","58.64","81.46","0","0","100.61","96"
"Putnam Hall","29 Jan 2009","62.23","56.8","68.67","0.97","0.25","32.25","96"
"Putnam Hall","30 Jan 2009","51.33","42.75","60.51","0.04","0.02","138.32","96"
"Putnam Hall","31 Jan 2009","44.27","28.77","59.99","0","0","195.04","96"
"Quincy","1 Jan 2009","44.37","34.53","55.18","0","0","85.97","96"
"Quincy","2 Jan 2009","58.46","43.52","73.81","0","0","125.37","96"
"Quincy","3 Jan 2009","65.42","60.78","72.57","0","0","69.39","96"
"Quincy","4 Jan 2009","64.67","55.89","76.95","0.6","0.22","108.34","96"
"Quincy","5 Jan 2009","63.14","58.82","72.18","0.01","0.01","108.02","96"
"Quincy","6 Jan 2009","67.59","60.96","75.47","0","0","70.76","96"
"Quincy","7 Jan 2009","60.06","41.43","71.85","0.19","0.19","126.97","96"
"Quincy","8 Jan 2009","52.92","36.5","71.46","0","0","154.48","96"
"Quincy","9 Jan 2009","51.41","40.13","69.55","0","0","160.36","96"
"Quincy","10 Jan 2009","56.42","39.56","72.46","0.02","0.02","113.9","96"
"Quincy","11 Jan 2009","58.79","44.52","67.35","0.15","0.06","25.68","96"
"Quincy","12 Jan 2009","44.02","36.66","52.03","0","0","93.21","96"
"Quincy","13 Jan 2009","47.36","35.48","59.61","0","0","113.7","96"
"Quincy","14 Jan 2009","41.2","28.7","56.7","0","0","170.99","96"
"Quincy","15 Jan 2009","42.06","26.14","59.54","0","0","149.03","96"
"Quincy","16 Jan 2009","34.59","24.43","44.82","0","0","171.09","96"
"Quincy","17 Jan 2009","36.31","20.85","55.51","0","0","170.1","96"
"Quincy","18 Jan 2009","51.73","33.69","64.22","0.4","0.19","56.6","96"
"Quincy","19 Jan 2009","47.45","35.28","58.48","0.01","0.01","82.33","96"
"Quincy","20 Jan 2009","35.06","27.56","42.34","0","0","174.63","95"
"Quincy","21 Jan 2009","31.8","22.07","46.09","0.01","0.01","180.47","96"
"Quincy","22 Jan 2009","39.11","20.23","61.11","0","0","175.61","96"
"Quincy","23 Jan 2009","50.47","30.48","70.48","0","0","139.12","96"
"Quincy","24 Jan 2009","60.39","50.85","70.54","0","0","73.87","95"
"Quincy","25 Jan 2009","58.21","54.27","61.45","0.02","0.01","38","96"
"Quincy","26 Jan 2009","61.42","53.47","72.93","0","0","73.43","96"
"Quincy","27 Jan 2009","60.46","49.32","75.33","0.01","0.01","150.03","96"
"Quincy","28 Jan 2009","63.39","55.96","72.82","0.24","0.08","53.24","96"
"Quincy","29 Jan 2009","51.93","43.08","60.69","0.1","0.03","122.48","96"
"Quincy","30 Jan 2009","46.37","33.41","56.73","0","0","162.68","96"
"Quincy","31 Jan 2009","42.49","25.7","61.63","0","0","190.32","96"
"Sebring","1 Jan 2009","61.3","52.16","75.42","0","0","143.01","96"
"Sebring","2 Jan 2009","63.42","51.87","79.12","0","0","113.8","96"
"Sebring","3 Jan 2009","64.11","50.31","79.23","0","0","123.8","96"
"Sebring","4 Jan 2009","67.26","55.78","81.46","0","0","127.58","96"
"Sebring","5 Jan 2009","67.46","55.04","84.42","0","0","157.07","96"
"Sebring","6 Jan 2009","69.48","56.84","85.3","0","0","142.51","96"
"Sebring","7 Jan 2009","66.62","51.93","81.84","0.03","0.02","76.73","96"
"Sebring","8 Jan 2009","59.27","46.29","73.44","0","0","160.83","96"
"Sebring","9 Jan 2009","59.02","48.33","74.35","0","0","162.54","96"
"Sebring","10 Jan 2009","61.1","45.28","80.71","0","0","157.02","96"
"Sebring","11 Jan 2009","66.04","50.41","81.07","0","0","156.16","96"
"Sebring","12 Jan 2009","64.08","57.36","75.34","0","0","76.33","96"
"Sebring","13 Jan 2009","62.86","52.92","78.3","0.14","0.07","73.13","96"
"Sebring","14 Jan 2009","54.28","45.07","67.82","0","0","160.32","96"
"Sebring","15 Jan 2009","50.96","44.74","59.61","0","0","74.43","96"
"Sebring","16 Jan 2009","52.34","44.71","63.16","0","0","154.78","96"
"Sebring","17 Jan 2009","51.26","38","67.96","0","0","169.08","96"
"Sebring","18 Jan 2009","57.74","45.46","74.62","0","0","145.8","96"
"Sebring","19 Jan 2009","63.3","56.59","74.05","0.09","0.06","154.48","96"
"Sebring","20 Jan 2009","53.57","41.91","63.01","0.11","0.07","151.69","95"
"Sebring","21 Jan 2009","42.08","33.15","54.61","0","0","185.23","96"
"Sebring","22 Jan 2009","43.74","29.65","64.49","0","0","186.25","96"
"Sebring","23 Jan 2009","51.93","32.7","73.92","0","0","179.38","96"
"Sebring","24 Jan 2009","56.86","40.84","75.47","0","0","166.65","96"
"Sebring","25 Jan 2009","60.63","45.34","79.54","0","0","170.35","96"
"Sebring","26 Jan 2009","62.85","46.81","80.91","0","0","169.36","96"
"Sebring","27 Jan 2009","66.28","52.84","81.73","0","0","134.04","96"
"Sebring","28 Jan 2009","69.68","57.54","85.89","0","0","147.5","96"
"Sebring","29 Jan 2009","71.62","60.33","85.96","0","0","163.64","96"
"Sebring","30 Jan 2009","58.86","45.95","68.95","0.27","0.11","51.73","96"
"Sebring","31 Jan 2009","48.23","37.68","59.99","0","0","191.65","96"
"Umatilla","1 Jan 2009","55.5","44.13","72.86","0","0","136.78","96"
"Umatilla","2 Jan 2009","60.1","47.16","78.03","0","0","128.03","96"
"Umatilla","3 Jan 2009","61.63","46.71","78.94","0","0","130.43","96"
"Umatilla","4 Jan 2009","64.59","50.67","82.56","0","0","162.42","96"
"Umatilla","5 Jan 2009","63.3","47.75","83.01","0","0","168.73","96"
"Umatilla","6 Jan 2009","66.93","53.15","84.07","0","0","154.12","96"
"Umatilla","7 Jan 2009","62.99","42.85","74.66","0.06","0.04","53.15","96"
"Umatilla","8 Jan 2009","55.79","34.28","72.81","0","0","184.19","96"
"Umatilla","9 Jan 2009","54.42","37.68","73.51","0","0","185.93","96"
"Umatilla","10 Jan 2009","56.38","34.6","79.14","0","0","180.07","96"
"Umatilla","11 Jan 2009","65.66","48.56","81.16","0","0","142.44","96"
"Umatilla","12 Jan 2009","58.35","54.63","65.66","0.01","0.01","36.95","96"
"Umatilla","13 Jan 2009","55.72","44.24","62.56","0.09","0.02","28.65","96"
"Umatilla","14 Jan 2009","49.77","36.71","66.96","0.01","0.01","183.82","96"
"Umatilla","15 Jan 2009","43.2","27.13","60.31","0","0","84.38","96"
"Umatilla","16 Jan 2009","45.35","35.82","58.08","0","0","182.36","96"
"Umatilla","17 Jan 2009","44.8","30.53","65.71","0","0","189.93","96"
"Umatilla","18 Jan 2009","51.27","29.51","74.55","0","0","192.78","96"
"Umatilla","19 Jan 2009","61.52","47.71","72.81","0.38","0.2","163.56","96"
"Umatilla","20 Jan 2009","46.18","33.78","57.79","0.05","0.05","198.86","96"
"Umatilla","21 Jan 2009","35.37","23.61","50.94","0","0","203.26","96"
"Umatilla","22 Jan 2009","37.08","18.37","61.41","0","0","204.3","96"
"Umatilla","23 Jan 2009","43.55","22.02","71.22","0","0","192.67","96"
"Umatilla","24 Jan 2009","51.82","29.57","76.14","0","0","183.22","96"
"Umatilla","25 Jan 2009","60.29","45.18","79.41","0","0","157.5","96"
"Umatilla","26 Jan 2009","61.17","43.08","83.53","0","0","180.95","96"
"Umatilla","27 Jan 2009","64.3","48.07","82.44","0","0","127.79","96"
"Umatilla","28 Jan 2009","69.69","58.15","84.09","0","0","126.86","96"
"Umatilla","29 Jan 2009","65.58","59.68","73.09","0.26","0.05","47.37","96"
"Umatilla","30 Jan 2009","52.91","41.06","61.97","0.13","0.02","110.66","96"
"Umatilla","31 Jan 2009","45.98","33.38","64.17","0","0","212.88","96"
