"Florida Occupational Employment and Wages",,,,,,,,,,,
"Florida - Statewide",,,,,,,,,,,
Occupational,,2012,,"(2013 wage estimates in dollars)",,,,,,,
Code,Title,Employment,,Mean,,Median,,Entry**,,Exp***,
00-0000,"Total all occupations","7,273,850",,19.85,,14.90,,9.13,,25.20,
13-2011,"Accountants and Auditors","74,020",,31.89,,28.71,,19.77,,37.96,
27-2011,Actors,980,,17.62,,13.22,,8.35,,22.25,
15-2011,Actuaries,570,,49.42,,42.83,,28.63,,59.82,
11-3011,"Administrative Services Managers","9,640",,48.41,,46.17,,29.67,,57.79,
25-3011,"Adult Literacy, Remedial Education, and GED Teachers and Instructors","2,360",,24.09,,22.29,,16.96,,27.65,
11-2011,"Advertising and Promotions Managers",930,,47.37,,45.58,,26.65,,57.74,
41-3011,"Advertising Sales Agents","11,590",,22.32,,19.30,,12.11,,27.42,
17-3021,"Aerospace Engineering and Operations Technicians","1,150",,32.07,,33.33,,22.49,,36.87,
17-2011,"Aerospace Engineers","3,770",,42.42,,43.59,,26.31,,50.48,
13-1011,"Agents and Business Managers of Artists, Performers, and Athletes","1,010",,22.88,,16.40,,11.08,,28.78,
19-4011,"Agricultural and Food Science Technicians",230,,16.98,,15.68,,12.32,,19.32,
17-2021,"Agricultural Engineers",150,,22.40,,20.17,,16.61,,25.30,
45-2091,"Agricultural Equipment Operators",590,,13.81,,13.20,,9.57,,15.93,
45-2011,"Agricultural Inspectors",690,,14.53,,12.61,,8.48,,17.54,
25-1041,"Agricultural Sciences Teachers, Postsecondary",520,,"95,896",*,"90,980",*,"65,802",*,"110,943",*
45-2099,"Agricultural Workers, All Other",60,,12.52,,9.50,,8.12,,14.72,
53-2021,"Air Traffic Controllers","1,810",,57.96,,59.03,,37.71,,68.10,
53-1011,"Aircraft Cargo Handling Supervisors",270,,22.85,,20.92,,15.78,,26.39,
49-3011,"Aircraft Mechanics and Service Technicians","9,530",,25.14,,24.97,,16.67,,29.37,
51-2011,"Aircraft Structure, Surfaces, Rigging, and Systems Assemblers","1,370",,21.27,,21.24,,15.14,,24.34,
53-2022,"Airfield Operations Specialists",420,,25.38,,23.86,,14.97,,30.58,
53-2011,"Airline Pilots, Copilots, and Flight Engineers","4,810",,"131,111",*,"116,871",*,"78,332",*,"157,500",*
53-3011,"Ambulance Drivers and Attendants, Except Emergency Medical Technicians",630,,13.03,,12.88,,9.78,,14.66,
39-3091,"Amusement and Recreation Attendants","28,990",,9.49,,8.97,,8.24,,10.12,
29-1061,Anesthesiologists,"1,300",,125.48,,N/R,,N/R,,N/R,
45-2021,"Animal Breeders",20,,19.30,,17.69,,8.50,,24.69,
33-9011,"Animal Control Workers",510,,17.19,,16.51,,12.41,,19.57,
19-1011,"Animal Scientists",110,,19.20,,18.47,,15.50,,21.04,
39-2011,"Animal Trainers",630,,15.71,,13.50,,9.41,,18.86,
19-3091,"Anthropologists and Archeologists",250,,25.81,,23.99,,15.99,,30.72,
25-1061,"Anthropology and Archeology Teachers, Postsecondary",170,,"92,732",*,"89,603",*,"64,071",*,"107,062",*
13-2021,"Appraisers and Assessors of Real Estate","4,560",,25.81,,22.59,,14.09,,31.67,
23-1022,"Arbitrators, Mediators, and Conciliators",310,,23.33,,20.12,,16.47,,26.77,
17-1011,"Architects, Except Landscape and Naval","3,920",,37.88,,34.12,,22.46,,45.59,
17-3011,"Architectural and Civil Drafters","5,620",,22.69,,21.92,,15.56,,26.24,
25-1031,"Architecture Teachers, Postsecondary",290,,"87,955",*,"85,731",*,"61,695",*,"101,084",*
25-4011,Archivists,130,,24.28,,21.75,,16.15,,28.33,
25-1062,"Area, Ethnic, and Cultural Studies Teachers, Postsecondary",340,,"95,648",*,"91,477",*,"55,942",*,"115,501",*
27-1011,"Art Directors",730,,37.80,,34.26,,23.14,,45.14,
25-1121,"Art, Drama, and Music Teachers, Postsecondary","3,020",,"72,555",*,"68,953",*,"40,894",*,"88,385",*
27-1019,"Artists and Related Workers, All Other",260,,25.44,,21.45,,13.75,,31.29,
51-2099,"Assemblers and Fabricators, All Other","5,300",,11.98,,11.16,,8.65,,13.64,
27-2021,"Athletes and Sports Competitors","2,920",,"52,185",*,"36,797",*,"22,933",*,"66,810",*
29-9091,"Athletic Trainers",910,,"43,109",*,"43,394",*,"28,881",*,"50,221",*
19-2021,"Atmospheric and Space Scientists",360,,45.58,,45.55,,33.87,,51.45,
25-1051,"Atmospheric, Earth, Marine, and Space Sciences Teachers, Postsecondary",500,,"93,852",*,"90,877",*,"59,343",*,"111,106",*
27-4011,"Audio and Video Equipment Technicians","2,090",,18.10,,16.39,,11.50,,21.41,
29-1181,Audiologists,550,,34.97,,34.24,,27.08,,38.91,
25-9011,"Audio-Visual Collections Specialists",10,,16.96,,17.67,,11.64,,19.62,
49-3021,"Automotive Body and Related Repairers","6,600",,18.68,,17.50,,11.59,,22.23,
49-3022,"Automotive Glass Installers and Repairers","1,030",,16.19,,15.94,,10.69,,18.94,
49-3023,"Automotive Service Technicians and Mechanics","37,000",,17.87,,17.03,,11.14,,21.23,
49-2091,"Avionics Technicians",970,,24.78,,25.04,,18.78,,27.78,
39-6011,"Baggage Porters and Bellhops","6,270",,10.87,,9.52,,8.21,,12.21,
33-3011,Bailiffs,"1,510",,21.94,,21.43,,17.07,,24.38,
51-3011,Bakers,"10,600",,11.61,,11.23,,8.67,,13.08,
39-5011,Barbers,N/R,,8.35,,8.71,,8.23,,8.40,
35-3011,Bartenders,"34,440",,10.30,,9.12,,8.20,,11.36,
49-3091,"Bicycle Repairers",430,,12.24,,11.62,,8.81,,13.95,
43-3011,"Bill and Account Collectors","31,120",,15.43,,14.99,,11.45,,17.41,
43-3021,"Billing and Posting Clerks and Machine Operators","24,870",,15.89,,15.43,,12.08,,17.81,
19-1021,"Biochemists and Biophysicists",670,,33.28,,25.48,,18.06,,40.89,
25-1042,"Biological Science Teachers, Postsecondary","2,160",,"84,629",*,"81,252",*,"49,696",*,"102,096",*
19-1029,"Biological Scientists, All Other","1,320",,30.53,,33.53,,19.04,,36.28,
19-4021,"Biological Technicians","1,560",,17.79,,17.01,,12.09,,20.63,
17-2031,"Biomedical Engineers",800,,37.72,,35.39,,23.88,,44.63,
47-2011,Boilermakers,270,,25.55,,25.27,,19.34,,28.66,
43-3031,"Bookkeeping, Accounting, and Auditing Clerks","91,170",,16.29,,15.87,,11.32,,18.77,
47-2021,"Brickmasons and Blockmasons","2,310",,16.34,,15.82,,11.41,,18.82,
53-6011,"Bridge and Lock Tenders",250,,19.36,,18.47,,12.40,,22.84,
27-3021,"Broadcast News Analysts",250,,54.75,,37.75,,20.33,,71.96,
27-4012,"Broadcast Technicians","1,690",,16.56,,14.84,,9.66,,20.02,
43-4011,"Brokerage Clerks","4,600",,19.04,,18.50,,14.10,,21.50,
13-2031,"Budget Analysts","2,430",,30.85,,29.54,,21.30,,35.63,
37-2019,"Building Cleaning Workers, All Other","1,450",,13.24,,13.05,,9.66,,15.03,
49-3031,"Bus and Truck Mechanics and Diesel Engine Specialists","8,930",,21.35,,20.88,,14.97,,24.54,
53-3022,"Bus Drivers, School","17,960",,12.62,,12.49,,9.08,,14.39,
53-3021,"Bus Drivers, Transit and Intercity","9,440",,15.06,,13.89,,10.12,,17.52,
13-1199,"Business Operations Specialists, All Other","64,470",,29.92,,27.99,,16.65,,36.55,
25-1011,"Business Teachers, Postsecondary","4,490",,"88,387",*,"80,666",*,"46,286",*,"109,437",*
51-3021,"Butchers and Meat Cutters","8,830",,13.74,,13.74,,10.08,,15.57,
51-7011,"Cabinetmakers and Bench Carpenters","3,550",,15.24,,14.61,,10.09,,17.81,
49-9061,"Camera and Photographic Equipment Repairers",N/R,,19.52,,17.21,,15.93,,21.31,
27-4031,"Camera Operators, Television, Video, and Motion Picture","1,120",,17.51,,16.30,,11.46,,20.54,
53-5021,"Captains, Mates, and Pilots of Water Vessels","2,470",,30.92,,24.73,,12.09,,40.33,
29-2031,"Cardiovascular Technologists and Technicians","5,940",,22.37,,21.46,,12.67,,27.23,
43-5011,"Cargo and Freight Agents","8,740",,20.52,,19.51,,12.01,,24.76,
47-2031,Carpenters,"30,890",,17.98,,16.94,,11.76,,21.09,
47-2041,"Carpet Installers",890,,15.30,,13.81,,10.56,,17.69,
17-1021,"Cartographers and Photogrammetrists",540,,41.83,,47.22,,26.59,,49.45,
41-2011,Cashiers,"204,480",,9.26,,8.99,,8.27,,9.75,
47-2051,"Cement Masons and Concrete Finishers","9,140",,15.02,,14.60,,10.90,,17.08,
51-9191,"Cementing and Gluing Machine Operators and Tenders",250,,14.65,,14.20,,9.77,,17.09,
35-1011,"Chefs and Head Cooks","5,560",,23.99,,22.72,,14.92,,28.52,
17-2041,"Chemical Engineers",440,,31.27,,23.65,,21.10,,36.35,
51-9011,"Chemical Equipment Operators and Tenders","2,080",,18.85,,17.88,,13.12,,21.71,
51-8091,"Chemical Plant and System Operators",930,,22.49,,21.82,,16.30,,25.58,
19-4031,"Chemical Technicians","2,310",,19.74,,18.65,,13.25,,22.98,
25-1052,"Chemistry Teachers, Postsecondary",980,,"84,336",*,"81,613",*,"50,495",*,"101,256",*
19-2031,Chemists,"2,260",,31.90,,28.60,,19.15,,38.29,
11-1011,"Chief Executives","12,610",,94.25,,N/R,,50.90,,115.93,
39-9011,"Child Care Workers","36,550",,9.66,,9.22,,8.20,,10.38,
21-1021,"Child, Family, and School Social Workers","8,270",,20.14,,18.76,,13.34,,23.55,
29-1011,Chiropractors,"1,820",,37.68,,28.85,,19.50,,46.76,
27-2032,Choreographers,60,,19.69,,17.05,,10.61,,24.22,
17-3022,"Civil Engineering Technicians","3,230",,22.76,,21.96,,14.20,,27.04,
17-2051,"Civil Engineers","13,360",,40.39,,38.30,,26.96,,47.11,
13-1031,"Claims Adjusters, Examiners, and Investigators","20,360",,27.66,,26.48,,18.59,,32.21,
53-7061,"Cleaners of Vehicles and Equipment","18,520",,9.96,,9.21,,8.28,,10.79,
51-9192,"Cleaning, Washing, and Metal Pickling Equipment Operators and Tenders",310,,13.36,,12.99,,9.77,,15.16,
21-2011,Clergy,"1,940",,20.82,,19.32,,12.38,,25.05,
19-3031,"Clinical, Counseling, and School Psychologists","2,690",,33.28,,32.04,,22.67,,38.59,
27-2022,"Coaches and Scouts","6,850",,"48,774",*,"39,205",*,"24,116",*,"61,103",*
51-9121,"Coating, Painting, and Spraying Machine Setters, Operators, and Tenders","2,100",,14.68,,14.10,,9.85,,17.09,
51-2021,"Coil Winders, Tapers, and Finishers",280,,13.36,,12.77,,8.66,,15.71,
49-9091,"Coin, Vending, and Amusement Machine Servicers and Repairers","1,670",,13.13,,12.35,,9.30,,15.04,
35-3021,"Combined Food Preparation and Serving Workers, Including Fast Food","177,490",,8.84,,8.83,,8.20,,9.16,
27-1021,"Commercial and Industrial Designers",570,,27.43,,26.73,,18.11,,32.09,
49-9092,"Commercial Divers",200,,17.70,,16.37,,12.13,,20.49,
53-2012,"Commercial Pilots","3,090",,"81,737",*,"70,441",*,"40,533",*,"102,337",*
43-2099,"Communications Equipment Operators, All Other",370,,16.39,,15.10,,13.03,,18.08,
25-1122,"Communications Teachers, Postsecondary","1,680",,"73,327",*,"71,479",*,"45,292",*,"87,344",*
21-1099,"Community and Social Service Specialists, All Other","10,160",,19.48,,18.16,,13.98,,22.24,
21-1094,"Community Health Workers","1,660",,16.25,,15.52,,11.16,,18.80,
11-3111,"Compensation and Benefits Managers",580,,54.18,,49.40,,32.57,,64.99,
13-1141,"Compensation, Benefits, and Job Analysis Specialists","3,030",,28.16,,26.98,,18.79,,32.84,
13-1041,"Compliance Officers, Except Agriculture, Construction, Health and Safety, and Transportation","12,940",,28.08,,26.91,,17.04,,33.58,
15-1111,"Computer and Information Scientists, Research",510,,45.50,,43.59,,33.06,,51.73,
11-3021,"Computer and Information Systems Managers","8,210",,63.18,,58.54,,42.66,,73.45,
17-2061,"Computer Hardware Engineers","1,860",,47.26,,46.62,,34.54,,53.61,
15-1143,"Computer Network Architects","14,430",,33.74,,30.74,,21.66,,39.78,
15-1152,"Computer Network Support Specialists","7,920",,26.90,,24.63,,16.50,,32.11,
15-1199,"Computer Occupations, All Other","4,560",,35.29,,36.00,,21.77,,42.04,
43-9011,"Computer Operators","2,670",,18.59,,17.67,,11.97,,21.91,
15-1131,"Computer Programmers","17,050",,36.15,,34.25,,21.55,,43.46,
25-1021,"Computer Science Teachers, Postsecondary","1,810",,"86,074",*,"77,732",*,"47,368",*,"105,428",*
15-1132,"Computer Software Engineers, Applications","21,740",,38.79,,38.05,,24.42,,45.98,
15-1133,"Computer Software Engineers, Systems Software","12,580",,44.57,,43.43,,30.78,,51.46,
15-1151,"Computer Support Specialists","25,240",,21.43,,20.15,,14.00,,25.14,
15-1121,"Computer Systems Analysts","20,640",,42.71,,40.84,,28.52,,49.80,
49-2011,"Computer, Automated Teller, and Office Machine Repairers","7,930",,17.14,,16.06,,11.23,,20.09,
51-4011,"Computer-Controlled Machine Tool Operators, Metal and Plastic","2,540",,16.86,,16.45,,12.09,,19.24,
39-6012,Concierges,"2,640",,12.40,,11.68,,9.74,,13.72,
19-1031,"Conservation Scientists",200,,40.13,,40.21,,26.94,,46.73,
47-4011,"Construction and Building Inspectors","5,810",,25.87,,25.28,,17.68,,29.98,
47-4099,"Construction and Related Workers, All Other","6,220",,18.06,,17.43,,12.31,,20.94,
47-2061,"Construction Laborers","41,080",,13.13,,12.41,,9.16,,15.12,
11-9021,"Construction Managers","14,710",,43.46,,38.63,,25.49,,52.44,
47-5041,"Continuous Mining Machine Operators",190,,21.90,,21.79,,16.85,,24.42,
49-9012,"Control and Valve Installers and Repairers, Except Mechanical Door","1,440",,20.69,,19.44,,13.86,,24.11,
53-7011,"Conveyor Operators and Tenders","1,170",,14.78,,14.43,,12.14,,16.11,
35-2019,"Cooks, All Other",640,,12.36,,11.23,,8.17,,14.45,
35-2011,"Cooks, Fast Food","22,500",,9.19,,9.02,,8.21,,9.68,
35-2012,"Cooks, Institution and Cafeteria","13,330",,11.79,,11.35,,8.88,,13.25,
35-2013,"Cooks, Private Household",40,,11.53,,10.85,,9.47,,12.56,
35-2014,"Cooks, Restaurant","82,990",,11.48,,11.00,,8.84,,12.80,
35-2015,"Cooks, Short Order","3,450",,10.39,,9.94,,8.23,,11.48,
51-9193,"Cooling and Freezing Equipment Operators and Tenders",150,,15.40,,15.53,,11.06,,17.57,
33-3012,"Correctional Officers and Jailers","32,190",,19.99,,17.82,,15.99,,21.99,
43-4021,"Correspondence Clerks",310,,15.66,,15.24,,12.29,,17.35,
13-1051,"Cost Estimators","10,380",,27.96,,25.70,,17.46,,33.21,
39-3092,"Costume Attendants",630,,12.21,,10.36,,8.26,,14.17,
21-1019,"Counselors, All Other","2,600",,18.25,,16.80,,11.14,,21.80,
41-2021,"Counter and Rental Clerks","28,370",,11.40,,10.27,,8.27,,12.97,
35-3022,"Counter Attendants, Cafeteria, Food Concession, and Coffee Shop","19,850",,9.06,,8.86,,8.22,,9.48,
43-5021,"Couriers and Messengers","4,360",,13.02,,12.07,,9.25,,14.90,
23-2091,"Court Reporters","1,510",,18.36,,16.87,,10.00,,22.53,
43-4031,"Court, Municipal, and License Clerks","5,750",,16.12,,15.33,,12.10,,18.12,
27-1012,"Craft Artists",310,,14.66,,11.60,,8.26,,17.85,
53-7021,"Crane and Tower Operators","1,550",,22.97,,23.08,,15.41,,26.76,
13-2041,"Credit Analysts","3,050",,29.50,,28.61,,18.62,,34.95,
43-4041,"Credit Authorizers, Checkers, and Clerks","3,620",,17.17,,16.84,,13.13,,19.19,
25-1111,"Criminal Justice and Law Enforcement Teachers, Postsecondary",960,,"69,334",*,"68,879",*,"42,595",*,"82,704",*
33-9091,"Crossing Guards","4,390",,11.37,,10.80,,9.16,,12.46,
51-9021,"Crushing, Grinding, and Polishing Machine Setters, Operators, and Tenders",890,,14.97,,14.76,,10.63,,17.13,
25-4012,Curators,430,,26.34,,23.06,,15.69,,31.67,
43-4051,"Customer Service Representatives","183,320",,14.13,,13.36,,9.60,,16.39,
51-9031,"Cutters and Trimmers, Hand",380,,11.03,,10.47,,8.25,,12.42,
51-9032,"Cutting and Slicing Machine Setters, Operators, and Tenders","1,380",,13.12,,12.34,,9.09,,15.13,
51-4031,"Cutting, Punching, and Press Machine Setters, Operators, and Tenders, Metal and Plastic","3,540",,13.85,,13.28,,9.84,,15.85,
27-2031,Dancers,600,,14.08,,12.31,,8.38,,16.93,
43-9021,"Data Entry Keyers","18,110",,13.22,,12.82,,9.69,,14.97,
15-1141,"Database Administrators","5,950",,36.90,,36.42,,23.77,,43.46,
41-9011,"Demonstrators and Product Promoters","3,640",,14.72,,13.65,,9.66,,17.26,
31-9091,"Dental Assistants","16,270",,16.49,,16.46,,12.23,,18.61,
29-2021,"Dental Hygienists","10,250",,28.88,,30.16,,20.91,,32.86,
51-9081,"Dental Laboratory Technicians","2,650",,18.27,,16.84,,11.34,,21.73,
29-1029,"Dentists, All Other Specialists",150,,77.64,,78.94,,42.54,,95.18,
29-1021,"Dentists, General","5,240",,73.07,,63.20,,38.74,,90.25,
27-1029,"Designers, All Other",240,,21.59,,17.20,,9.68,,27.55,
43-9031,"Desktop Publishers","1,120",,15.70,,15.89,,10.02,,18.54,
33-3021,"Detectives and Criminal Investigators","7,290",,34.73,,30.78,,21.08,,41.56,
29-2032,"Diagnostic Medical Sonographers","4,720",,28.64,,28.81,,21.39,,32.25,
29-2051,"Dietetic Technicians",670,,14.08,,13.18,,9.52,,16.36,
29-1031,"Dietitians and Nutritionists","3,180",,27.58,,25.70,,18.04,,32.36,
35-9011,"Dining Room and Cafeteria Attendants and Bartender Helpers","35,020",,9.06,,8.83,,8.20,,9.48,
21-2021,"Directors, Religious Activities and Education","1,200",,16.85,,14.88,,9.61,,20.46,
35-9021,Dishwashers,"42,610",,8.85,,8.88,,8.21,,9.17,
43-5032,"Dispatchers, Except Police, Fire, and Ambulance","9,480",,16.63,,15.34,,11.21,,19.34,
41-9091,"Door-to-Door Sales Workers, News and Street Vendors, and Related Workers",180,,16.13,,15.47,,9.81,,19.30,
17-3019,"Drafters, All Other",570,,19.63,,18.53,,13.23,,22.84,
53-7031,"Dredge Operators",180,,19.69,,17.27,,13.49,,22.78,
51-4032,"Drilling and Boring Machine Tool Setters, Operators, and Tenders, Metal and Plastic",200,,14.11,,12.12,,8.53,,16.91,
53-3031,"Driver/Sales Workers","19,720",,13.13,,11.02,,8.30,,15.56,
47-2081,"Drywall and Ceiling Tile Installers","4,590",,16.41,,16.21,,11.88,,18.69,
47-5021,"Earth Drillers, Except Oil and Gas",620,,17.63,,16.92,,13.00,,19.95,
25-1063,"Economics Teachers, Postsecondary",500,,"92,417",*,"86,685",*,"54,957",*,"111,147",*
19-3011,Economists,210,,43.42,,39.47,,24.31,,52.98,
27-3041,Editors,"3,700",,33.05,,28.85,,20.25,,39.43,
11-9039,"Education Administrators, All Other",940,,45.95,,41.92,,28.34,,54.75,
11-9032,"Education Administrators, Elementary and Secondary School","4,930",,"89,655",*,"88,850",*,"66,697",*,"101,132",*
11-9033,"Education Administrators, Postsecondary","1,250",,52.17,,49.08,,35.70,,60.40,
11-9031,"Education Administrators, Preschool and Child Care Center/Program",470,,31.87,,29.13,,23.85,,35.89,
25-1081,"Education Teachers, Postsecondary","2,170",,"79,082",*,"76,248",*,"51,967",*,"92,640",*
25-9099,"Education, Training, and Library Workers, All Other","7,660",,25.79,,23.41,,14.08,,31.65,
21-1012,"Educational, Vocational, and School Counselors","9,670",,26.60,,25.11,,17.70,,31.05,
49-2092,"Electric Motor, Power Tool, and Related Repairers",850,,17.87,,17.39,,11.90,,20.86,
17-3023,"Electrical and Electronic Engineering Technicians","6,870",,25.88,,26.13,,17.53,,30.05,
51-2022,"Electrical and Electronic Equipment Assemblers","9,770",,14.85,,13.59,,9.73,,17.42,
17-3012,"Electrical and Electronics Drafters","1,190",,24.99,,23.67,,17.97,,28.49,
49-2093,"Electrical and Electronics Installers and Repairers, Transportation Equipment",940,,22.28,,20.97,,15.13,,25.86,
49-2094,"Electrical and Electronics Repairers, Commercial and Industrial Equipment","3,660",,24.46,,24.43,,17.96,,27.71,
49-2095,"Electrical and Electronics Repairers, Powerhouse, Substation, and Relay","1,150",,27.03,,27.96,,18.24,,31.43,
17-2071,"Electrical Engineers","7,270",,41.71,,40.12,,28.16,,48.48,
49-9051,"Electrical Power-Line Installers and Repairers","6,650",,25.92,,26.40,,17.90,,29.94,
47-2111,Electricians,"28,050",,19.37,,18.24,,13.92,,22.10,
51-2023,"Electromechanical Equipment Assemblers","1,300",,15.64,,15.10,,11.73,,17.60,
17-3024,"Electro-Mechanical Technicians",440,,18.00,,16.73,,13.04,,20.50,
49-2096,"Electronic Equipment Installers and Repairers, Motor Vehicles",510,,14.82,,14.45,,10.79,,16.85,
49-2097,"Electronic Home Entertainment Equipment Installers and Repairers","2,880",,16.17,,15.45,,10.99,,18.77,
17-2072,"Electronics Engineers, Except Computer","5,200",,41.16,,40.23,,29.46,,47.02,
25-2021,"Elementary School Teachers, Except Special Education","69,310",,"49,573",*,"45,977",*,"37,210",*,"55,754",*
47-4021,"Elevator Installers and Repairers",930,,27.28,,26.19,,16.38,,32.72,
43-4061,"Eligibility Interviewers, Government Programs","3,370",,18.04,,18.38,,11.80,,21.17,
39-4011,Embalmers,250,,19.97,,18.70,,14.25,,22.83,
11-9161,"Emergency Management Directors",150,,40.53,,38.04,,28.82,,46.39,
29-2041,"Emergency Medical Technicians and Paramedics","9,180",,15.89,,14.79,,11.30,,18.20,
13-1071,"Employment, Recruitment, and Placement Specialists","22,360",,25.80,,23.34,,16.00,,30.70,
51-2031,"Engine and Other Machine Assemblers",420,,15.38,,15.30,,11.44,,17.35,
11-9041,"Engineering Managers","6,900",,56.74,,54.80,,37.69,,66.26,
25-1032,"Engineering Teachers, Postsecondary","1,480",,"110,838",*,"110,202",*,"67,954",*,"132,279",*
17-3029,"Engineering Technicians, Except Drafters, All Other","2,030",,27.89,,28.76,,17.85,,32.90,
17-2199,"Engineers, All Other","4,660",,43.35,,44.20,,26.60,,51.74,
25-1123,"English Language and Literature Teachers, Postsecondary","3,030",,"72,340",*,"69,595",*,"43,190",*,"86,916",*
27-2099,"Entertainers and Performers, Sports and Related Workers, All Other","4,480",,14.00,,10.98,,8.39,,16.80,
39-3099,"Entertainment Attendants and Related Workers, All Other",930,,12.08,,12.19,,10.30,,12.96,
17-3025,"Environmental Engineering Technicians",650,,19.92,,18.26,,12.83,,23.46,
17-2081,"Environmental Engineers","2,530",,34.22,,29.40,,19.34,,41.66,
19-4091,"Environmental Science and Protection Technicians, Including Health","1,900",,17.87,,17.14,,13.57,,20.02,
25-1053,"Environmental Science Teachers, Postsecondary",150,,"88,219",*,"83,358",*,"48,211",*,"108,223",*
19-2041,"Environmental Scientists and Specialists, Including Health","5,460",,26.19,,24.03,,17.42,,30.57,
19-1041,Epidemiologists,30,,28.54,,25.42,,19.40,,33.12,
51-9194,"Etchers and Engravers",170,,13.16,,12.90,,8.69,,15.40,
53-7032,"Excavating and Loading Machine and Dragline Operators","2,140",,17.21,,16.71,,12.87,,19.38,
43-6011,"Executive Secretaries and Administrative Assistants","49,720",,20.88,,19.79,,14.94,,23.85,
29-1128,"Exercise Physiologists",420,,21.88,,20.74,,16.18,,24.73,
47-5031,"Explosives Workers, Ordnance Handling Experts, and Blasters",N/R,,23.28,,24.90,,18.89,,25.48,
51-4021,"Extruding and Drawing Machine Setters, Operators, and Tenders, Metal and Plastic","1,380",,14.61,,13.64,,9.72,,17.05,
51-6091,"Extruding and Forming Machine Setters, Operators, and Tenders, Synthetic and Glass Fibers",280,,18.79,,20.07,,13.06,,21.64,
51-9041,"Extruding, Forming, Pressing, and Compacting Machine Setters, Operators, and Tenders","1,770",,15.25,,14.51,,10.38,,17.68,
51-6092,"Fabric and Apparel Patternmakers",110,,22.46,,23.60,,13.56,,26.91,
45-4021,Fallers,190,,19.74,,20.47,,13.76,,22.71,
29-1062,"Family and General Practitioners","8,750",,93.00,,89.68,,50.35,,114.33,
25-9021,"Farm and Home Management Advisors",650,,24.60,,24.22,,12.55,,30.62,
49-3041,"Farm Equipment Mechanics",500,,16.96,,16.27,,11.88,,19.51,
13-1074,"Farm Labor Contractors",150,,20.17,,17.59,,9.96,,25.27,
11-9013,"Farmers, Ranchers, and Other Agricultural Managers",N/R,,32.95,,32.83,,24.22,,37.31,
45-2092,"Farmworkers and Laborers, Crop, Nursery, and Greenhouse","24,110",,9.45,,8.98,,8.18,,10.08,
45-2093,"Farmworkers, Farm and Ranch Animals",900,,11.31,,10.61,,8.21,,12.86,
27-1022,"Fashion Designers",170,,32.03,,23.30,,15.90,,40.10,
47-4031,"Fence Erectors","1,150",,14.51,,13.85,,10.00,,16.75,
51-2091,"Fiberglass Laminators and Fabricators","1,690",,14.92,,14.32,,10.89,,16.94,
43-4071,"File Clerks","14,880",,13.57,,12.98,,9.77,,15.47,
27-4032,"Film and Video Editors","2,350",,18.55,,19.37,,12.80,,21.43,
13-2051,"Financial Analysts","8,720",,34.90,,31.89,,23.22,,40.72,
43-3099,"Financial Clerks, All Other","2,570",,18.24,,17.52,,13.93,,20.40,
13-2061,"Financial Examiners",670,,42.99,,40.16,,28.45,,50.26,
11-3031,"Financial Managers","16,640",,60.26,,54.58,,35.11,,72.85,
13-2099,"Financial Specialists, All Other","8,390",,28.25,,25.36,,17.83,,33.46,
27-1013,"Fine Artists, Including Painters, Sculptors, and Illustrators",880,,15.75,,13.01,,8.37,,19.44,
33-2011,"Fire Fighters","23,780",,24.91,,23.21,,15.21,,29.76,
33-2021,"Fire Inspectors and Investigators",870,,29.91,,28.97,,20.42,,34.65,
47-1011,"First-Line Supervisors/Managers of Construction Trades and Extraction Workers","25,640",,27.99,,26.56,,18.46,,32.75,
33-1011,"First-Line Supervisors/Managers of Correctional Officers","2,040",,28.99,,26.45,,20.04,,33.46,
45-1011,"First-Line Supervisors/Managers of Farming, Fishing, and Forestry Workers","1,430",,21.16,,20.51,,13.80,,24.83,
33-1021,"First-Line Supervisors/Managers of Fire Fighting and Prevention Workers","3,170",,38.83,,37.89,,26.13,,45.18,
35-1012,"First-Line Supervisors/Managers of Food Preparation and Serving Workers","49,940",,16.14,,14.75,,10.87,,18.77,
53-1021,"First-Line Supervisors/Managers of Helpers, Laborers, and Material Movers, Hand","7,560",,22.32,,20.82,,14.73,,26.12,
37-1011,"First-Line Supervisors/Managers of Housekeeping and Janitorial Workers","9,830",,16.49,,14.94,,10.94,,19.27,
37-1012,"First-Line Supervisors/Managers of Landscaping, Lawn Service, and Groundskeeping Workers","9,040",,19.69,,17.98,,13.04,,23.00,
49-1011,"First-Line Supervisors/Managers of Mechanics, Installers, and Repairers","24,000",,28.53,,27.59,,18.83,,33.38,
41-1012,"First-Line Supervisors/Managers of Non-Retail Sales Workers","18,720",,41.69,,35.72,,21.78,,51.65,
43-1011,"First-Line Supervisors/Managers of Office and Administrative Support Workers","76,610",,24.31,,22.88,,15.98,,28.47,
39-1021,"First-Line Supervisors/Managers of Personal Service Workers","8,060",,19.79,,18.20,,12.58,,23.40,
33-1012,"First-Line Supervisors/Managers of Police and Detectives","3,740",,42.27,,40.94,,28.11,,49.36,
51-1011,"First-Line Supervisors/Managers of Production and Operating Workers","20,610",,26.70,,24.90,,17.71,,31.19,
41-1011,"First-Line Supervisors/Managers of Retail Sales Workers","83,990",,20.28,,18.36,,13.24,,23.80,
53-1031,"First-Line Supervisors/Managers of Transportation and Material-Moving Machine and Vehicle Operators","8,770",,26.84,,25.78,,18.02,,31.25,
33-1099,"First-Line Supervisors/Managers, Protective Service Workers, All Other","4,360",,21.24,,20.74,,12.94,,25.39,
33-3031,"Fish and Game Wardens",630,,20.86,,18.04,,16.58,,22.99,
39-9031,"Fitness Trainers and Aerobics Instructors","13,420",,14.98,,12.51,,8.40,,18.27,
53-2031,"Flight Attendants","6,490",,"42,703",*,"38,823",*,"26,436",*,"50,838",*
47-2042,"Floor Layers, Except Carpet, Wood, and Hard Tiles",410,,15.78,,15.56,,8.06,,19.63,
27-1023,"Floral Designers","2,780",,12.27,,11.97,,9.44,,13.67,
51-3091,"Food and Tobacco Roasting, Baking, and Drying Machine Operators and Tenders",360,,16.06,,16.57,,11.02,,18.58,
51-3092,"Food Batchmakers","2,480",,13.17,,12.85,,8.75,,15.37,
51-3093,"Food Cooking Machine Operators and Tenders",570,,14.56,,13.87,,9.89,,16.89,
35-9099,"Food Preparation and Serving Related Workers, All Other","3,300",,13.04,,11.70,,8.50,,15.29,
35-2021,"Food Preparation Workers","53,070",,9.94,,9.54,,8.20,,10.81,
51-3099,"Food Processing Workers, All Other","1,600",,12.20,,11.63,,9.24,,13.69,
19-1012,"Food Scientists and Technologists",160,,23.63,,19.78,,14.65,,28.12,
35-3041,"Food Servers, Nonrestaurant","13,970",,9.77,,9.19,,8.21,,10.55,
11-9051,"Food Service Managers","8,720",,27.55,,25.07,,18.74,,31.96,
25-1124,"Foreign Language and Literature Teachers, Postsecondary","1,080",,"75,641",*,"75,254",*,"45,530",*,"90,696",*
19-4092,"Forensic Science Technicians","1,450",,22.83,,21.61,,15.23,,26.63,
19-4093,"Forest and Conservation Technicians",200,,20.15,,20.39,,14.71,,22.88,
45-4011,"Forest and Conservation Workers",20,,20.98,,17.52,,12.83,,25.06,
19-1032,Foresters,430,,26.11,,23.03,,17.70,,30.33,
25-1043,"Forestry and Conservation Science Teachers, Postsecondary",110,,"87,855",*,"88,124",*,"61,630",*,"100,968",*
51-4022,"Forging Machine Setters, Operators, and Tenders, Metal and Plastic",150,,16.69,,16.64,,13.40,,18.32,
51-4071,"Foundry Mold and Coremakers",320,,15.43,,15.76,,11.63,,17.34,
13-1131,Fundraisers,"1,670",,25.87,,24.40,,15.50,,31.07,
39-4021,"Funeral Attendants","2,370",,10.92,,10.54,,8.27,,12.25,
11-9061,"Funeral Service Managers",410,,34.65,,27.39,,22.91,,40.52,
51-9051,"Furnace, Kiln, Oven, Drier, and Kettle Operators and Tenders",260,,14.60,,13.85,,10.57,,16.62,
51-7021,"Furniture Finishers",440,,13.58,,13.03,,9.71,,15.52,
39-3012,"Gaming and Sports Book Writers and Runners","1,000",,12.73,,11.55,,8.59,,14.80,
43-3041,"Gaming Cage Workers",N/R,,12.39,,12.37,,9.01,,14.07,
41-2012,"Gaming Change Persons and Booth Cashiers","1,200",,10.61,,9.68,,8.38,,11.73,
39-3011,"Gaming Dealers","2,790",,12.44,,9.35,,8.19,,14.56,
11-9071,"Gaming Managers",80,,30.13,,26.79,,17.83,,36.28,
39-3019,"Gaming Service Workers, All Other",590,,10.81,,10.12,,8.12,,12.16,
39-1011,"Gaming Supervisors",330,,19.17,,17.61,,15.08,,21.21,
33-9031,"Gaming Surveillance Officers and Gaming Investigators",200,,14.75,,14.85,,10.82,,16.72,
51-8092,"Gas Plant Operators",190,,27.73,,27.18,,18.67,,32.26,
11-1021,"General and Operations Managers","73,410",,53.97,,46.11,,27.32,,67.29,
29-9092,"Genetic Counselors",70,,24.27,,22.46,,19.24,,26.77,
19-3092,Geographers,30,,25.71,,25.27,,16.68,,30.22,
25-1064,"Geography Teachers, Postsecondary",200,,"90,608",*,"87,131",*,"59,357",*,"106,234",*
19-4041,"Geological and Petroleum Technicians",30,,23.33,,18.88,,14.62,,27.69,
19-2042,"Geoscientists, Except Hydrologists and Geographers",650,,38.72,,36.45,,23.32,,46.42,
47-2121,Glaziers,"2,370",,17.32,,16.29,,11.36,,20.30,
45-2041,"Graders and Sorters, Agricultural Products","3,630",,8.49,,8.69,,8.19,,8.64,
25-1191,"Graduate Teaching Assistants",60,,N/R,,N/R,,N/R,,N/R,
27-1024,"Graphic Designers","10,920",,21.06,,19.39,,13.62,,24.77,
51-9022,"Grinding and Polishing Workers, Hand",460,,12.95,,12.78,,9.55,,14.65,
51-4033,"Grinding, Lapping, Polishing, and Buffing Machine Tool Setters, Operators, and Tenders, Metal and Plastic","1,060",,13.90,,13.40,,10.08,,15.81,
37-3019,"Grounds Maintenance Workers, All Other","1,140",,14.24,,12.99,,9.84,,16.44,
39-5012,"Hairdressers, Hairstylists, and Cosmetologists","22,620",,12.39,,10.84,,8.21,,14.48,
47-4041,"Hazardous Materials Removal Workers",690,,16.00,,15.48,,11.34,,18.33,
17-2111,"Health and Safety Engineers, Except Mining Safety Engineers and Inspectors","1,280",,33.37,,32.18,,22.88,,38.61,
29-1199,"Health Diagnosing and Treating Practitioners, All Other","3,620",,34.76,,30.87,,20.47,,41.90,
21-1091,"Health Educators","2,930",,21.40,,19.37,,13.41,,25.38,
25-1071,"Health Specialties Teachers, Postsecondary","9,400",,"93,978",*,"85,112",*,"46,430",*,"117,752",*
29-2099,"Health Technologists and Technicians, All Other","4,970",,21.00,,18.27,,13.40,,24.80,
29-9099,"Healthcare Practitioners and Technical Workers, All Other","1,270",,22.36,,16.90,,11.19,,27.94,
31-9099,"Healthcare Support Workers, All Other","2,550",,16.92,,17.77,,10.68,,20.05,
29-2092,"Hearing Aid Specialists",110,,27.33,,27.55,,15.39,,33.30,
51-4191,"Heat Treating Equipment Setters, Operators, and Tenders, Metal and Plastic",140,,16.54,,16.37,,13.13,,18.24,
49-9021,"Heating, Air Conditioning, and Refrigeration Mechanics and Installers","20,170",,20.02,,18.60,,14.12,,22.97,
47-3019,"Helpers, Construction Trades, All Other","1,040",,11.95,,11.77,,8.90,,13.48,
47-3011,"Helpers--Brickmasons, Blockmasons, Stonemasons, and Tile and Marble Setters",850,,10.59,,10.10,,8.16,,11.81,
47-3012,Helpers--Carpenters,"1,080",,12.47,,11.57,,9.92,,13.75,
47-3013,Helpers--Electricians,"4,260",,12.41,,12.02,,9.28,,13.97,
47-5081,"Helpers--Extraction Workers",200,,12.58,,12.56,,9.77,,13.97,
49-9098,"Helpers--Installation, Maintenance, and Repair Workers","5,900",,11.75,,10.87,,8.32,,13.45,
47-3014,"Helpers--Painters, Paperhangers, Plasterers, and Stucco Masons",630,,11.68,,11.65,,10.08,,12.48,
47-3015,"Helpers--Pipelayers, Plumbers, Pipefitters, and Steamfitters","2,410",,12.25,,12.02,,9.31,,13.72,
51-9198,"Helpers--Production Workers","10,490",,11.87,,11.17,,8.27,,13.67,
47-3016,Helpers--Roofers,"1,170",,11.11,,10.82,,8.56,,12.40,
47-4051,"Highway Maintenance Workers","2,640",,15.07,,13.92,,10.62,,17.30,
19-3093,Historians,60,,29.43,,30.76,,14.88,,36.70,
25-1125,"History Teachers, Postsecondary",700,,"79,773",*,"76,761",*,"50,895",*,"94,213",*
53-7041,"Hoist and Winch Operators",50,,17.84,,16.17,,13.20,,20.16,
49-9031,"Home Appliance Repairers","3,000",,16.82,,16.38,,10.94,,19.76,
25-1192,"Home Economics Teachers, Postsecondary",90,,N/R,,N/R,,N/R,,N/R,
31-1011,"Home Health Aides","30,010",,10.49,,10.11,,8.21,,11.63,
35-9031,"Hosts and Hostesses, Restaurant, Lounge, and Coffee Shop","22,920",,9.68,,9.32,,8.20,,10.41,
43-4081,"Hotel, Motel, and Resort Desk Clerks","18,650",,10.76,,10.51,,8.40,,11.93,
43-4161,"Human Resources Assistants, Except Payroll and Timekeeping","7,410",,16.88,,16.55,,12.68,,18.99,
11-3121,"Human Resources Managers","3,290",,50.72,,47.01,,32.70,,59.72,
19-2043,Hydrologists,360,,37.62,,37.84,,23.97,,44.45,
17-3026,"Industrial Engineering Technicians","2,530",,22.20,,19.84,,14.88,,25.85,
17-2112,"Industrial Engineers","10,190",,33.89,,32.86,,20.80,,40.42,
49-9041,"Industrial Machinery Mechanics","11,640",,22.02,,21.59,,15.02,,25.51,
11-3051,"Industrial Production Managers","3,420",,49.17,,44.77,,34.69,,56.41,
53-7051,"Industrial Truck and Tractor Operators","19,160",,15.11,,14.35,,10.56,,17.39,
43-4199,"Information and Record Clerks, All Other","14,410",,17.57,,17.47,,12.70,,20.00,
15-1122,"Information Security Analysts","3,070",,37.73,,36.14,,23.58,,44.80,
51-9061,"Inspectors, Testers, Sorters, Samplers, and Weighers","13,460",,16.77,,15.79,,10.09,,20.10,
49-9099,"Installation, Maintenance, and Repair Workers, All Other","10,090",,15.47,,14.77,,10.02,,18.20,
25-9031,"Instructional Coordinators","8,290",,26.64,,25.12,,17.39,,31.26,
47-2131,"Insulation Workers, Floor, Ceiling, and Wall",900,,16.03,,14.55,,11.61,,18.25,
47-2132,"Insulation Workers, Mechanical",950,,17.29,,16.68,,13.09,,19.39,
13-1032,"Insurance Appraisers, Auto Damage","1,170",,26.27,,26.20,,21.46,,28.67,
43-9041,"Insurance Claims and Policy Processing Clerks","18,060",,16.39,,15.95,,12.59,,18.29,
41-3021,"Insurance Sales Agents","23,660",,30.95,,24.23,,17.26,,37.79,
13-2053,"Insurance Underwriters","5,860",,28.93,,27.05,,19.65,,33.58,
27-1025,"Interior Designers","2,930",,22.17,,18.82,,11.66,,27.42,
29-1063,"Internists, General","3,430",,106.19,,N/R,,N/R,,N/R,
27-3091,"Interpreters and Translators","1,930",,19.86,,18.43,,11.15,,24.22,
43-4111,"Interviewers, Except Eligibility and Loan","12,540",,14.10,,13.88,,10.49,,15.90,
37-2011,"Janitors and Cleaners, Except Maids and Housekeeping Cleaners","108,030",,10.32,,9.49,,8.20,,11.39,
51-9071,"Jewelers and Precious Stone and Metal Workers","1,320",,16.08,,14.54,,11.78,,18.23,
23-1023,"Judges, Magistrate Judges, and Magistrates","1,080",,63.23,,65.70,,57.78,,65.95,
25-2012,"Kindergarten Teachers, Except Special Education","10,050",,"48,328",*,"45,247",*,"35,042",*,"54,971",*
13-1075,"Labor Relations Specialists","3,050",,23.23,,22.61,,9.64,,30.03,
53-7062,"Laborers and Freight, Stock, and Material Movers, Hand","103,470",,12.15,,11.05,,8.29,,14.07,
17-1012,"Landscape Architects",770,,33.75,,33.22,,22.12,,39.57,
37-3011,"Landscaping and Groundskeeping Workers","70,540",,11.22,,10.63,,8.27,,12.71,
51-4034,"Lathe and Turning Machine Tool Setters, Operators, and Tenders, Metal and Plastic",350,,16.77,,16.24,,12.03,,19.14,
51-6011,"Laundry and Dry-Cleaning Workers","14,700",,9.77,,9.27,,8.25,,10.54,
25-1112,"Law Teachers, Postsecondary",740,,"117,996",*,"116,152",*,"65,481",*,"144,253",*
23-1011,Lawyers,"40,870",,58.90,,48.21,,25.82,,75.45,
51-4192,"Lay-Out Workers, Metal and Plastic",220,,19.95,,20.47,,15.45,,22.19,
43-6012,"Legal Secretaries","15,960",,18.66,,18.07,,12.66,,21.66,
23-2099,"Legal Support Workers, All Other","5,430",,19.58,,18.54,,11.67,,23.54,
11-1031,Legislators,"1,750",,"42,077",*,"33,587",*,"25,887",*,"50,172",*
25-4021,Librarians,"6,440",,27.52,,26.12,,19.18,,31.69,
43-4121,"Library Assistants, Clerical","4,960",,12.13,,11.77,,8.89,,13.76,
25-1082,"Library Science Teachers, Postsecondary",90,,"92,583",*,"88,477",*,"59,971",*,"108,890",*
25-4031,"Library Technicians","2,110",,16.10,,15.38,,11.83,,18.23,
29-2061,"Licensed Practical and Licensed Vocational Nurses","42,980",,20.01,,20.00,,16.11,,21.96,
19-1099,"Life Scientists, All Other",150,,59.27,,40.23,,22.64,,77.57,
19-4099,"Life, Physical, and Social Science Technicians, All Other","3,020",,18.53,,17.99,,10.81,,22.40,
33-9092,"Lifeguards, Ski Patrol, and Other Recreational Protective Service Workers","6,410",,10.83,,9.68,,8.25,,12.11,
13-2071,"Loan Counselors","3,160",,20.83,,18.54,,14.80,,23.84,
43-4131,"Loan Interviewers and Clerks","12,510",,17.30,,17.24,,12.66,,19.62,
13-2072,"Loan Officers","19,540",,32.36,,29.41,,19.98,,38.54,
39-3093,"Locker Room, Coatroom, and Dressing Room Attendants","1,940",,9.67,,9.19,,8.19,,10.40,
49-9094,"Locksmiths and Safe Repairers","1,430",,18.20,,17.00,,11.46,,21.57,
53-4011,"Locomotive Engineers",410,,26.30,,26.88,,24.59,,27.17,
11-9081,"Lodging Managers","1,890",,32.20,,27.41,,17.84,,39.37,
45-4023,"Log Graders and Scalers",50,,14.91,,13.87,,10.93,,16.91,
45-4022,"Logging Equipment Operators",730,,15.64,,15.88,,10.64,,18.14,
13-1081,Logisticians,"3,970",,33.12,,31.75,,21.83,,38.75,
53-7063,"Machine Feeders and Offbearers","2,750",,15.55,,16.16,,10.43,,18.10,
51-4041,Machinists,"7,980",,18.38,,17.85,,12.33,,21.41,
29-2035,"Magnetic Resonance Imaging Technologists","3,700",,29.47,,29.87,,23.48,,32.46,
37-2012,"Maids and Housekeeping Cleaners","70,130",,9.49,,9.20,,8.21,,10.13,
43-9051,"Mail Clerks and Mail Machine Operators, Except Postal Service","6,470",,12.61,,11.69,,9.12,,14.34,
49-9071,"Maintenance and Repair Workers, General","70,720",,15.98,,14.99,,10.77,,18.58,
49-9043,"Maintenance Workers, Machinery","3,320",,17.35,,16.67,,11.76,,20.13,
39-5091,"Makeup Artists, Theatrical and Performance",120,,22.51,,19.77,,12.37,,27.59,
13-1111,"Management Analysts","35,840",,36.83,,31.27,,19.56,,45.47,
11-9199,"Managers, All Other","11,680",,45.17,,43.71,,25.61,,54.95,
39-5092,"Manicurists and Pedicurists","2,570",,10.95,,9.48,,8.19,,12.33,
49-9095,"Manufactured Building and Mobile Home Installers",N/R,,12.69,,9.31,,8.32,,14.88,
17-2121,"Marine Engineers and Naval Architects",420,,36.20,,36.17,,25.13,,41.72,
13-1161,"Market Research Analysts","13,260",,27.99,,26.05,,16.84,,33.57,
11-2021,"Marketing Managers","5,670",,55.42,,48.75,,29.92,,68.17,
21-1013,"Marriage and Family Therapists","2,130",,21.14,,19.80,,14.50,,24.47,
31-9011,"Massage Therapists","5,650",,18.47,,17.22,,10.98,,22.22,
53-7199,"Material Moving Workers, All Other","1,550",,21.16,,18.72,,11.94,,25.76,
17-2131,"Materials Engineers",510,,41.10,,41.40,,26.41,,48.45,
19-2032,"Materials Scientists",210,,35.64,,34.86,,18.80,,44.06,
25-1022,"Mathematical Science Teachers, Postsecondary","2,840",,"73,588",*,"71,765",*,"44,302",*,"88,231",*
15-2099,"Mathematical Scientists, All Other",60,,20.94,,21.38,,14.76,,24.02,
15-2091,"Mathematical Technicians",100,,16.19,,15.14,,12.86,,17.85,
51-3022,"Meat, Poultry, and Fish Cutters and Trimmers","4,470",,11.37,,11.01,,8.26,,12.92,
49-9011,"Mechanical Door Repairers",770,,16.97,,16.34,,11.74,,19.60,
17-3013,"Mechanical Drafters","1,590",,25.17,,24.04,,17.33,,29.09,
17-3027,"Mechanical Engineering Technicians","1,210",,23.59,,23.58,,15.40,,27.67,
17-2141,"Mechanical Engineers","6,550",,38.61,,36.70,,23.41,,46.21,
27-4099,"Media and Communication Equipment Workers, All Other",500,,33.42,,34.65,,19.54,,40.36,
27-3099,"Media and Communication Workers, All Other","1,260",,18.26,,17.05,,9.83,,22.47,
29-2012,"Medical and Clinical Laboratory Technicians","6,890",,17.08,,16.11,,10.76,,20.23,
29-2011,"Medical and Clinical Laboratory Technologists","9,150",,27.22,,27.19,,21.60,,30.02,
11-9111,"Medical and Health Services Managers","9,910",,50.45,,44.17,,31.73,,59.81,
21-1022,"Medical and Public Health Social Workers","6,370",,22.05,,21.25,,14.70,,25.72,
51-9082,"Medical Appliance Technicians",640,,18.29,,18.43,,12.03,,21.42,
31-9092,"Medical Assistants","38,080",,13.89,,13.64,,10.83,,15.42,
31-9093,"Medical Equipment Preparers","5,590",,13.15,,12.97,,10.29,,14.58,
49-9062,"Medical Equipment Repairers","2,740",,20.08,,17.87,,13.14,,23.55,
29-2071,"Medical Records and Health Information Technicians","10,480",,17.23,,15.92,,11.62,,20.04,
19-1042,"Medical Scientists, Except Epidemiologists","2,780",,39.71,,32.17,,20.17,,49.50,
43-6013,"Medical Secretaries","17,370",,14.47,,14.02,,11.57,,15.91,
31-9094,"Medical Transcriptionists","4,170",,15.33,,15.50,,11.33,,17.34,
13-1121,"Meeting, Convention, and Event Planners","3,560",,23.44,,21.79,,14.61,,27.84,
21-1023,"Mental Health and Substance Abuse Social Workers","3,330",,19.36,,17.70,,13.40,,22.34,
21-1014,"Mental Health Counselors","5,150",,20.36,,18.60,,13.57,,23.77,
27-1026,"Merchandise Displayers and Window Trimmers","2,700",,13.87,,13.00,,9.13,,16.23,
51-4199,"Metal Workers and Plastic Workers, All Other",230,,13.29,,11.34,,8.79,,15.53,
51-4051,"Metal-Refining Furnace Operators and Tenders",420,,12.81,,12.93,,11.28,,13.57,
43-5041,"Meter Readers, Utilities","1,560",,16.61,,15.82,,12.16,,18.84,
19-1022,Microbiologists,440,,30.71,,26.15,,18.26,,36.95,
25-2022,"Middle School Teachers, Except Special and Vocational Education","29,660",,"49,675",*,"46,355",*,"38,435",*,"55,295",*
51-4035,"Milling and Planing Machine Setters, Operators, and Tenders, Metal and Plastic",150,,17.57,,16.76,,13.28,,19.71,
49-9044,Millwrights,"1,070",,20.48,,19.32,,14.73,,23.36,
47-5042,"Mine Cutting and Channeling Machine Operators",80,,14.89,,13.20,,10.69,,16.98,
17-2151,"Mining and Geological Engineers, Including Mining Safety Engineers",90,,32.72,,30.55,,20.81,,38.67,
51-9023,"Mixing and Blending Machine Setters, Operators, and Tenders","4,860",,14.67,,14.37,,10.17,,16.92,
49-3042,"Mobile Heavy Equipment Mechanics, Except Engines","4,790",,20.46,,19.70,,14.96,,23.20,
51-4061,"Model Makers, Metal and Plastic",N/R,,28.46,,27.28,,20.71,,32.34,
41-9012,Models,40,,N/R,,N/R,,N/R,,N/R,
51-9195,"Molders, Shapers, and Casters, Except Metal and Plastic","1,600",,14.71,,14.21,,9.85,,17.14,
51-4072,"Molding, Coremaking, and Casting Machine Setters, Operators, and Tenders, Metal and Plastic","2,880",,13.49,,12.85,,9.15,,15.66,
39-4031,"Morticians, Undertakers, and Funeral Directors","1,410",,25.28,,22.57,,16.22,,29.82,
39-3021,"Motion Picture Projectionists",970,,9.85,,9.69,,8.20,,10.67,
53-3099,"Motor Vehicle Operators, All Other","2,500",,13.36,,11.64,,8.34,,15.87,
49-3051,"Motorboat Mechanics","3,590",,16.92,,16.23,,10.89,,19.94,
53-5022,"Motorboat Operators","1,240",,15.93,,13.85,,9.12,,19.34,
49-3052,"Motorcycle Mechanics",750,,17.52,,17.13,,12.20,,20.17,
27-1014,"Multi-Media Artists and Animators",870,,25.08,,22.89,,19.30,,27.98,
51-4081,"Multiple Machine Tool Setters, Operators, and Tenders, Metal and Plastic",580,,16.21,,15.70,,11.46,,18.58,
25-4013,"Museum Technicians and Conservators",490,,15.51,,14.55,,10.14,,18.20,
27-2041,"Music Directors and Composers",630,,23.16,,21.83,,14.08,,27.70,
49-9063,"Musical Instrument Repairers and Tuners",460,,14.54,,13.64,,11.64,,15.99,
27-2042,"Musicians and Singers","2,640",,18.34,,12.53,,8.29,,23.36,
11-9121,"Natural Sciences Managers",960,,52.54,,48.71,,33.37,,62.13,
15-1142,"Network and Computer Systems Administrators","13,070",,37.44,,35.40,,24.53,,43.90,
43-4141,"New Accounts Clerks","2,080",,15.07,,14.70,,11.88,,16.66,
39-2021,"Nonfarm Animal Caretakers","7,900",,10.74,,9.60,,8.20,,12.01,
17-2161,"Nuclear Engineers",250,,46.49,,47.94,,37.00,,51.23,
29-2033,"Nuclear Medicine Technologists","2,090",,33.39,,33.46,,26.22,,36.98,
19-4051,"Nuclear Technicians",360,,32.98,,33.59,,25.21,,36.87,
51-4012,"Numerical Tool and Process Control Programmers",370,,21.00,,19.37,,14.80,,24.10,
29-1151,"Nurse Anesthetists","1,860",,66.37,,67.32,,59.16,,69.97,
29-1161,"Nurse Midwives",230,,42.71,,42.74,,38.00,,45.06,
29-1171,"Nurse Practitioners","5,930",,42.32,,42.23,,32.87,,47.04,
31-1014,"Nursing Assistants","84,740",,11.68,,11.39,,9.72,,12.66,
25-1072,"Nursing Instructors and Teachers, Postsecondary","2,370",,"73,000",*,"71,416",*,"48,876",*,"85,062",*
29-1064,"Obstetricians and Gynecologists",680,,108.34,,N/R,,N/R,,N/R,
29-9011,"Occupational Health and Safety Specialists","1,780",,31.63,,31.70,,21.30,,36.80,
29-9012,"Occupational Health and Safety Technicians",270,,23.69,,22.35,,16.22,,27.43,
31-2012,"Occupational Therapist Aides",150,,14.68,,13.86,,10.73,,16.65,
31-2011,"Occupational Therapist Assistants","1,450",,28.38,,28.80,,22.26,,31.45,
29-1122,"Occupational Therapists","6,160",,38.77,,38.75,,27.40,,44.46,
43-9199,"Office and Administrative Support Workers, All Other","7,000",,14.24,,11.82,,8.42,,17.15,
43-9061,"Office Clerks, General","140,590",,13.15,,12.32,,8.94,,15.26,
43-9071,"Office Machine Operators, Except Computer","3,050",,12.92,,12.44,,9.46,,14.66,
47-2073,"Operating Engineers and Other Construction Equipment Operators","11,840",,17.86,,16.74,,12.76,,20.41,
15-2031,"Operations Research Analysts","6,460",,27.39,,25.23,,18.13,,32.01,
51-9083,"Ophthalmic Laboratory Technicians","3,050",,16.04,,15.74,,11.48,,18.32,
29-2057,"Ophthalmic Medical Technicians",690,,16.80,,16.63,,13.17,,18.61,
29-2081,"Opticians, Dispensing","4,170",,17.97,,17.82,,12.16,,20.88,
29-1041,Optometrists,"1,320",,62.82,,48.24,,24.81,,81.81,
29-1022,"Oral and Maxillofacial Surgeons",N/R,,96.40,,N/R,,45.19,,122.00,
43-4151,"Order Clerks","14,650",,13.92,,13.28,,9.14,,16.30,
31-1015,Orderlies,"3,270",,10.51,,10.35,,8.28,,11.62,
29-1023,Orthodontists,310,,79.36,,86.02,,17.44,,110.32,
29-2091,"Orthotists and Prosthetists",620,,34.10,,31.34,,22.01,,40.15,
49-3053,"Outdoor Power Equipment and Other Small Engine Mechanics","3,000",,14.10,,13.74,,9.73,,16.28,
51-9111,"Packaging and Filling Machine Operators and Tenders","12,660",,13.12,,12.42,,9.03,,15.18,
53-7064,"Packers and Packagers, Hand","34,690",,9.66,,9.07,,8.28,,10.34,
47-2141,"Painters, Construction and Maintenance","13,140",,15.23,,14.74,,10.70,,17.49,
51-9122,"Painters, Transportation Equipment","2,450",,18.93,,17.53,,13.90,,21.44,
51-9123,"Painting, Coating, and Decorating Workers","1,590",,13.08,,12.93,,10.20,,14.52,
51-9196,"Paper Goods Machine Setters, Operators, and Tenders","2,290",,16.23,,15.23,,10.68,,19.01,
47-2142,Paperhangers,250,,17.39,,16.39,,13.28,,19.44,
23-2011,"Paralegals and Legal Assistants","23,240",,22.67,,21.70,,15.23,,26.39,
33-3041,"Parking Enforcement Workers",490,,19.29,,17.56,,11.84,,23.01,
53-6021,"Parking Lot Attendants","15,110",,9.44,,9.01,,8.30,,10.00,
41-2022,"Parts Salespersons","12,420",,15.35,,13.90,,9.73,,18.17,
51-4062,"Patternmakers, Metal and Plastic",40,,17.89,,16.59,,13.34,,20.17,
51-7032,"Patternmakers, Wood",20,,18.89,,17.78,,14.52,,21.07,
47-2071,"Paving, Surfacing, and Tamping Equipment Operators","1,900",,16.19,,14.78,,12.12,,18.23,
43-3051,"Payroll and Timekeeping Clerks","6,150",,17.63,,17.27,,13.14,,19.87,
29-1065,"Pediatricians, General","1,080",,80.82,,70.67,,46.61,,97.93,
39-9021,"Personal and Home Care Aides","13,260",,10.05,,9.54,,8.19,,10.98,
39-9099,"Personal Care and Service Workers, All Other","9,600",,11.14,,9.76,,8.18,,12.62,
13-2052,"Personal Financial Advisors","11,420",,39.26,,29.48,,17.47,,50.16,
37-2021,"Pest Control Workers","7,530",,14.48,,13.72,,10.36,,16.54,
37-3012,"Pesticide Handlers, Sprayers, and Applicators, Vegetation","3,280",,15.47,,15.38,,11.18,,17.62,
17-2171,"Petroleum Engineers",N/R,,48.32,,37.86,,26.37,,59.31,
51-8093,"Petroleum Pump System Operators, Refinery Operators, and Gaugers",230,,22.80,,23.93,,16.80,,25.81,
29-1051,Pharmacists,"18,040",,55.36,,55.50,,47.08,,59.49,
31-9095,"Pharmacy Aides","2,230",,10.59,,10.16,,8.23,,11.77,
29-2052,"Pharmacy Technicians","23,490",,13.83,,13.55,,10.58,,15.45,
25-1126,"Philosophy and Religion Teachers, Postsecondary",740,,"72,546",*,"67,102",*,"41,063",*,"88,287",*
31-9097,Phlebotomists,"5,470",,13.28,,13.09,,10.63,,14.60,
27-4021,Photographers,"4,380",,13.69,,10.80,,8.39,,16.35,
51-9151,"Photographic Process Workers and Priocessing Machine Operators","2,290",,12.05,,11.07,,8.71,,13.71,
19-2099,"Physical Scientists, All Other",440,,36.19,,33.56,,23.05,,42.76,
31-2022,"Physical Therapist Aides","2,260",,12.22,,11.56,,9.69,,13.47,
31-2021,"Physical Therapist Assistants","4,630",,27.90,,27.88,,21.32,,31.19,
29-1123,"Physical Therapists","11,820",,40.33,,39.70,,28.64,,46.18,
29-1071,"Physician Assistants","3,870",,46.61,,45.12,,34.91,,52.47,
29-1069,"Physicians and Surgeons, All Other","16,250",,98.04,,N/R,,53.10,,120.50,
19-2012,Physicists,340,,72.62,,63.79,,43.43,,87.20,
25-1054,"Physics Teachers, Postsecondary",680,,"87,979",*,"87,374",*,"51,408",*,"106,264",*
47-2072,"Pile-Driver Operators",280,,21.23,,20.91,,16.21,,23.74,
47-2151,Pipelayers,"4,210",,16.66,,15.89,,11.87,,19.05,
51-8099,"Plant and System Operators, All Other",510,,22.06,,22.54,,14.35,,25.91,
47-2161,"Plasterers and Stucco Masons","1,580",,15.75,,15.96,,11.46,,17.89,
51-4193,"Plating and Coating Machine Setters, Operators, and Tenders, Metal and Plastic",560,,14.44,,13.52,,9.72,,16.79,
47-2152,"Plumbers, Pipefitters, and Steamfitters","15,360",,19.60,,18.78,,13.99,,22.41,
29-1081,Podiatrists,570,,72.35,,62.77,,35.53,,90.77,
33-3051,"Police and Sheriff's Patrol Officers","35,090",,27.43,,26.23,,18.70,,31.80,
43-5031,"Police, Fire, and Ambulance Dispatchers","6,060",,18.91,,17.73,,13.28,,21.72,
25-1065,"Political Science Teachers, Postsecondary",520,,"89,119",*,"85,877",*,"56,967",*,"105,195",*
19-3094,"Political Scientists",10,,48.66,,40.23,,35.89,,55.04,
43-5051,"Postal Service Clerks","3,800",,24.92,,25.88,,22.60,,26.07,
43-5052,"Postal Service Mail Carriers","17,520",,25.69,,27.53,,21.88,,27.59,
43-5053,"Postal Service Mail Sorters, Processors, and Processing Machine Operators","7,010",,24.63,,25.87,,21.84,,26.03,
11-9131,"Postmasters and Mail Superintendents",400,,36.97,,37.33,,27.40,,41.75,
25-1199,"Postsecondary Teachers, All Other","9,220",,"73,485",*,"67,330",*,"39,555",*,"90,449",*
51-4052,"Pourers and Casters, Metal",50,,12.24,,11.09,,9.08,,13.83,
51-8012,"Power Distributors and Dispatchers",410,,30.34,,30.59,,21.88,,34.57,
51-8013,"Power Plant Operators","1,470",,31.28,,31.71,,23.69,,35.07,
49-9069,"Precision Instrument and Equipment Repairers, All Other",340,,24.81,,24.45,,18.09,,28.17,
51-5111,"Prepress Technicians and Workers","1,870",,15.71,,15.28,,10.63,,18.27,
25-2011,"Preschool Teachers, Except Special Education","18,370",,12.81,,11.61,,8.89,,14.78,
51-6021,"Pressers, Textile, Garment, and Related Materials","3,420",,9.79,,9.59,,8.23,,10.56,
51-5113,"Print Binding and Finishing Workers","1,880",,15.28,,14.09,,11.03,,17.40,
51-5112,"Printing Press Operators","7,950",,15.76,,15.30,,10.09,,18.59,
33-9021,"Private Detectives and Investigators","2,160",,21.40,,20.05,,15.43,,24.38,
21-1092,"Probation Officers and Correctional Treatment Specialists","4,700",,18.90,,18.14,,15.29,,20.72,
43-3061,"Procurement Clerks","3,360",,17.41,,17.31,,12.78,,19.73,
27-2012,"Producers and Directors","4,050",,33.33,,29.26,,18.64,,40.68,
51-9199,"Production Workers, All Other","5,360",,11.79,,10.91,,8.81,,13.28,
43-5061,"Production, Planning, and Expediting Clerks","9,720",,19.77,,18.78,,12.93,,23.17,
43-9081,"Proofreaders and Copy Markers",470,,18.49,,17.68,,12.74,,21.37,
11-9141,"Property, Real Estate, and Community Association Managers","15,330",,28.28,,23.65,,15.37,,34.74,
33-9099,"Protective Service Workers, All Other","5,390",,15.15,,14.07,,10.91,,17.28,
31-1013,"Psychiatric Aides","3,200",,11.44,,11.00,,9.36,,12.47,
29-2053,"Psychiatric Technicians","6,140",,12.34,,12.06,,9.69,,13.65,
29-1066,Psychiatrists,480,,89.09,,85.85,,50.97,,108.16,
19-3039,"Psychologists, All Other","1,240",,41.70,,37.64,,22.60,,51.25,
25-1066,"Psychology Teachers, Postsecondary","1,710",,"81,670",*,"75,855",*,"50,353",*,"97,328",*
27-3012,"Public Address System and Other Announcers",260,,20.50,,14.14,,9.01,,26.24,
11-2031,"Public Relations Managers","1,390",,52.36,,48.04,,32.32,,62.38,
27-3031,"Public Relations Specialists","9,830",,28.95,,25.57,,17.35,,34.76,
53-7072,"Pump Operators, Except Wellhead Pumpers",450,,17.44,,15.51,,13.08,,19.63,
13-1021,"Purchasing Agents and Buyers, Farm Products",300,,25.57,,22.67,,18.67,,29.03,
13-1023,"Purchasing Agents, Except Wholesale, Retail, and Farm Products","13,320",,26.97,,25.50,,17.37,,31.77,
11-3061,"Purchasing Managers","1,730",,53.08,,49.89,,34.29,,62.47,
29-1124,"Radiation Therapists","1,190",,38.94,,35.65,,28.84,,44.00,
27-3011,"Radio and Television Announcers","1,690",,18.80,,11.88,,8.80,,23.80,
49-2021,"Radio Mechanics","1,020",,24.00,,23.04,,15.88,,28.06,
29-2034,"Radiologic Technologists and Technicians","11,650",,25.04,,24.85,,18.84,,28.14,
49-3043,"Rail Car Repairers",600,,24.84,,25.81,,19.12,,27.70,
53-4013,"Rail Yard Engineers, Dinkey Operators, and Hostlers",400,,19.81,,18.09,,15.30,,22.07,
53-4021,"Railroad Brake, Signal, and Switch Operators",420,,24.60,,25.80,,19.73,,27.03,
53-4031,"Railroad Conductors and Yardmasters",940,,29.80,,28.29,,24.78,,32.31,
47-4061,"Rail-Track Laying and Maintenance Equipment Operators",390,,21.78,,21.19,,15.37,,24.99,
41-9021,"Real Estate Brokers","3,330",,31.48,,21.99,,12.89,,40.78,
41-9022,"Real Estate Sales Agents","26,300",,19.74,,15.60,,10.93,,24.14,
43-4171,"Receptionists and Information Clerks","71,990",,12.64,,12.28,,9.37,,14.27,
25-1193,"Recreation and Fitness Studies Teachers, Postsecondary",630,,"69,548",*,"67,965",*,"37,344",*,"85,650",*
39-9032,"Recreation Workers","20,900",,11.55,,10.16,,8.21,,13.22,
29-1125,"Recreational Therapists",540,,22.80,,22.24,,17.49,,25.45,
49-3092,"Recreational Vehicle Service Technicians",890,,18.88,,17.96,,13.73,,21.44,
53-7081,"Refuse and Recyclable Material Collectors","4,690",,14.36,,13.94,,9.68,,16.70,
29-1141,"Registered Nurses","163,720",,30.11,,29.26,,23.62,,33.35,
21-1015,"Rehabilitation Counselors","4,250",,17.43,,16.72,,12.29,,20.00,
47-2171,"Reinforcing Iron and Rebar Workers",540,,16.65,,16.20,,12.61,,18.66,
21-2099,"Religious Workers, All Other","1,000",,13.83,,12.27,,8.84,,16.32,
27-3022,"Reporters and Correspondents","2,480",,22.09,,18.64,,13.04,,26.61,
43-4181,"Reservation and Transportation Ticket Agents and Travel Clerks","15,360",,15.21,,14.13,,9.47,,18.06,
39-9041,"Residential Advisors","4,050",,11.50,,10.88,,8.81,,12.83,
29-1126,"Respiratory Therapists","7,340",,26.18,,25.80,,20.87,,28.84,
29-2054,"Respiratory Therapy Technicians",980,,22.60,,22.28,,18.64,,24.59,
41-2031,"Retail Salespersons","314,850",,11.70,,9.95,,8.28,,13.41,
49-9096,Riggers,600,,21.70,,19.66,,15.17,,24.97,
47-5051,"Rock Splitters, Quarry",40,,13.63,,11.76,,9.98,,15.46,
51-4023,"Rolling Machine Setters, Operators, and Tenders, Metal and Plastic",370,,18.14,,19.61,,11.75,,21.33,
47-2181,Roofers,"9,700",,15.41,,15.23,,11.36,,17.44,
47-5012,"Rotary Drill Operators, Oil and Gas",110,,16.57,,16.68,,13.38,,18.16,
47-5071,"Roustabouts, Oil and Gas",140,,18.51,,17.94,,13.62,,20.96,
53-5011,"Sailors and Marine Oilers","2,950",,16.60,,16.27,,11.24,,19.28,
41-9099,"Sales and Related Workers, All Other","7,080",,15.76,,12.34,,9.07,,19.09,
41-9031,"Sales Engineers","2,010",,55.59,,48.31,,34.39,,66.20,
11-2022,"Sales Managers","13,550",,61.76,,55.90,,32.22,,76.53,
41-3099,"Sales Representatives, Services, All Other","63,260",,26.32,,21.76,,13.09,,32.93,
41-4012,"Sales Representatives, Wholesale and Manufacturing, Except Technical and Scientific Products","87,200",,28.22,,23.09,,13.41,,35.62,
41-4011,"Sales Representatives, Wholesale and Manufacturing, Technical and Scientific Products","27,060",,39.71,,34.49,,20.63,,49.26,
51-7041,"Sawing Machine Setters, Operators, and Tenders, Wood",740,,12.91,,11.71,,9.10,,14.82,
25-2031,"Secondary School Teachers, Except Special and Vocational Education","40,020",,"51,782",*,"47,729",*,"39,229",*,"58,059",*
43-6014,"Secretaries, Except Legal, Medical, and Executive","145,070",,14.81,,14.33,,10.16,,17.14,
41-3031,"Securities, Commodities, and Financial Services Sales Agents","17,930",,43.36,,30.77,,18.00,,56.04,
49-2098,"Security and Fire Alarm Systems Installers","5,550",,17.85,,17.34,,13.37,,20.08,
33-9032,"Security Guards","78,050",,11.25,,10.58,,8.22,,12.77,
25-3021,"Self-Enrichment Education Teachers","10,860",,16.18,,14.55,,9.42,,19.56,
51-9141,"Semiconductor Processors",530,,18.77,,18.08,,14.69,,20.81,
51-9012,"Separating, Filtering, Clarifying, Precipitating, and Still Machine Setters, Operators, and Tenders","1,230",,18.30,,16.66,,12.21,,21.35,
47-4071,"Septic Tank Servicers and Sewer Pipe Cleaners","1,640",,14.55,,13.92,,11.25,,16.20,
53-6031,"Service Station Attendants","4,280",,10.89,,10.53,,8.27,,12.19,
47-5013,"Service Unit Operators, Oil, Gas, and Mining",30,,28.85,,21.32,,17.90,,34.32,
27-1027,"Set and Exhibit Designers",290,,18.52,,14.90,,9.82,,22.87,
51-6051,"Sewers, Hand",140,,13.56,,12.01,,10.53,,15.08,
51-6031,"Sewing Machine Operators","5,150",,10.99,,10.33,,8.27,,12.36,
39-5093,Shampooers,720,,9.66,,9.27,,8.21,,10.38,
47-2211,"Sheet Metal Workers","6,370",,17.42,,16.98,,12.04,,20.11,
53-5031,"Ship Engineers","1,650",,40.50,,38.00,,25.20,,48.14,
43-5071,"Shipping, Receiving, and Traffic Clerks","35,460",,13.51,,12.85,,9.51,,15.52,
51-6041,"Shoe and Leather Workers and Repairers",490,,11.83,,11.34,,8.66,,13.41,
49-9097,"Signal and Track Switch Repairers",260,,28.23,,27.63,,25.62,,29.54,
39-5094,"Skin Care Specialists","2,450",,14.35,,13.99,,8.73,,17.15,
51-3023,"Slaughterers and Meat Packers",520,,10.39,,9.53,,8.22,,11.46,
39-1012,"Slot Key Persons",160,,13.71,,12.71,,8.54,,16.29,
11-9151,"Social and Community Service Managers","3,270",,36.17,,33.17,,23.42,,42.55,
21-1093,"Social and Human Service Assistants","13,430",,14.37,,13.72,,10.78,,16.17,
19-4061,"Social Science Research Assistants",N/R,,15.01,,15.23,,10.71,,17.16,
25-1069,"Social Sciences Teachers, Postsecondary, All Other","1,040",,"60,757",*,"56,455",*,"30,174",*,"76,048",*
19-3099,"Social Scientists and Related Workers, All Other","1,520",,32.41,,31.70,,21.54,,37.84,
25-1113,"Social Work Teachers, Postsecondary",290,,"86,095",*,"76,952",*,"51,763",*,"103,260",*
21-1029,"Social Workers, All Other","2,400",,26.67,,26.88,,16.22,,31.89,
19-3041,Sociologists,60,,32.39,,29.99,,21.72,,37.72,
25-1067,"Sociology Teachers, Postsecondary",540,,"85,613",*,"85,397",*,"51,954",*,"102,443",*
19-1013,"Soil and Plant Scientists",300,,26.25,,22.32,,17.36,,30.69,
47-2231,"Solar Photovoltaic Installers",N/R,,21.13,,19.20,,16.47,,23.46,
27-4014,"Sound Engineering Technicians",810,,19.53,,17.49,,13.19,,22.71,
25-2059,"Special Education Teachers, All Other","5,530",,"53,220",*,"48,642",*,"41,638",*,"59,012",*
25-2052,"Special Education Teachers, Kindergarten, and Elementary School","8,900",,"50,884",*,"46,906",*,"38,469",*,"57,092",*
25-2053,"Special Education Teachers, Middle School","3,700",,"51,271",*,"47,240",*,"37,908",*,"57,953",*
25-2051,"Special Education Teachers, Preschool","1,400",,"51,868",*,"47,389",*,"38,835",*,"58,383",*
25-2054,"Special Education Teachers, Secondary School","3,690",,"51,729",*,"47,769",*,"38,942",*,"58,122",*
29-1127,"Speech-Language Pathologists","6,310",,34.41,,34.54,,22.52,,40.35,
51-8021,"Stationary Engineers and Boiler Operators",810,,20.76,,18.92,,13.80,,24.25,
43-9111,"Statistical Assistants",230,,18.13,,17.55,,13.23,,20.59,
15-2041,Statisticians,750,,25.52,,23.75,,12.51,,32.03,
43-5081,"Stock Clerks and Order Fillers","115,930",,11.39,,10.77,,8.35,,12.91,
47-2022,Stonemasons,290,,15.04,,13.40,,8.43,,18.35,
47-2221,"Structural Iron and Steel Workers","2,580",,17.64,,16.85,,11.66,,20.61,
51-2041,"Structural Metal Fabricators and Fitters","3,010",,16.84,,15.97,,12.30,,19.10,
21-1011,"Substance Abuse and Behavioral Disorder Counselors","3,790",,20.47,,19.36,,13.20,,24.10,
25-3098,"Substitute teachers","27,350",,10.98,,10.84,,8.43,,12.24,
29-1067,Surgeons,"2,160",,112.47,,N/R,,N/R,,N/R,
29-2055,"Surgical Technologists","6,440",,18.86,,18.35,,15.31,,20.65,
19-3022,"Survey Researchers",530,,16.11,,14.25,,11.93,,18.18,
17-3031,"Surveying and Mapping Technicians","4,800",,18.79,,17.77,,12.01,,22.18,
17-1022,Surveyors,"1,940",,27.28,,27.18,,16.09,,32.87,
43-2011,"Switchboard Operators, Including Answering Service","6,740",,12.01,,11.53,,9.46,,13.29,
51-6052,"Tailors, Dressmakers, and Custom Sewers",970,,13.33,,12.52,,8.77,,15.60,
53-7121,"Tank Car, Truck, and Ship Loaders",560,,16.24,,13.83,,10.72,,19.00,
47-2082,Tapers,80,,19.71,,18.08,,15.58,,21.76,
13-2081,"Tax Examiners, Collectors, and Revenue Agents","4,760",,21.97,,17.52,,13.24,,26.34,
13-2082,"Tax Preparers","3,830",,11.00,,9.28,,8.22,,12.40,
53-3041,"Taxi Drivers and Chauffeurs","10,240",,11.32,,10.79,,8.33,,12.83,
25-9041,"Teacher Assistants","40,530",,"23,572",*,"22,502",*,"17,268",*,"26,726",*
25-3099,"Teachers and Instructors, All Other","22,310",,"43,833",*,"41,708",*,"24,483",*,"53,509",*
51-2092,"Team Assemblers","36,150",,12.74,,11.81,,8.81,,14.70,
27-3042,"Technical Writers","1,780",,29.37,,28.66,,20.51,,33.80,
49-2022,"Telecommunications Equipment Installers and Repairers, Except Line Installers","17,630",,23.85,,23.31,,16.14,,27.71,
49-9052,"Telecommunications Line Installers and Repairers","5,650",,21.20,,21.45,,14.38,,24.61,
41-9041,Telemarketers,"24,110",,11.83,,10.61,,8.30,,13.61,
43-2021,"Telephone Operators",630,,14.91,,13.06,,9.81,,17.46,
43-3071,Tellers,"36,170",,13.46,,13.05,,10.52,,14.93,
47-2053,"Terrazzo Workers and Finishers",210,,20.97,,19.85,,14.71,,24.10,
51-6061,"Textile Bleaching and Dyeing Machine Operators and Tenders",120,,11.84,,10.92,,8.30,,13.61,
51-6062,"Textile Cutting Machine Setters, Operators, and Tenders",360,,11.75,,10.94,,8.33,,13.47,
51-6063,"Textile Knitting and Weaving Machine Setters, Operators, and Tenders",110,,16.40,,14.41,,8.13,,20.55,
51-6064,"Textile Winding, Twisting, and Drawing Out Machine Setters, Operators, and Tenders",220,,13.25,,11.85,,10.49,,14.63,
51-6099,"Textile, Apparel, and Furnishings Workers, All Other",280,,15.30,,15.24,,11.44,,17.22,
29-1129,"Therapists, All Other",850,,33.74,,31.43,,21.04,,40.10,
47-2044,"Tile and Marble Setters","2,830",,14.70,,14.06,,8.95,,17.56,
51-2093,"Timing Device Assemblers, Adjusters, and Calibrators",20,,13.76,,12.04,,10.79,,15.25,
51-9197,"Tire Builders",270,,12.24,,11.74,,10.58,,13.06,
49-3093,"Tire Repairers and Changers","7,440",,9.98,,9.24,,8.25,,10.84,
23-2093,"Title Examiners, Abstractors, and Searchers","4,360",,20.44,,20.31,,14.14,,23.58,
51-4111,"Tool and Die Makers","1,060",,20.53,,19.97,,14.60,,23.50,
51-4194,"Tool Grinders, Filers, and Sharpeners",120,,16.10,,14.53,,10.21,,19.05,
39-7011,"Tour Guides and Escorts","2,100",,12.93,,12.71,,9.39,,14.71,
53-6041,"Traffic Technicians",160,,18.70,,18.32,,15.05,,20.53,
11-3131,"Training and Development Managers",900,,49.33,,46.22,,33.61,,57.19,
13-1151,"Training and Development Specialists","11,850",,26.33,,24.21,,16.66,,31.17,
33-3052,"Transit and Railroad Police",100,,25.51,,24.94,,16.24,,30.15,
53-6061,"Transportation Attendants, Except Flight Attendants",760,,11.29,,9.50,,8.31,,12.78,
53-6051,"Transportation Inspectors",530,,44.30,,46.58,,28.25,,52.32,
33-9093,"Transportation Security Screeners","5,200",,17.90,,17.56,,15.35,,19.18,
53-6099,"Transportation Workers, All Other","1,210",,15.43,,14.64,,9.96,,18.17,
11-3071,"Transportation, Storage, and Distribution Managers","3,250",,44.65,,42.26,,28.79,,52.59,
41-3041,"Travel Agents","6,750",,16.54,,14.68,,9.45,,20.08,
39-7012,"Travel Guides",380,,12.51,,11.06,,8.78,,14.37,
37-3013,"Tree Trimmers and Pruners","1,730",,14.34,,14.32,,9.40,,16.81,
53-3032,"Truck Drivers, Heavy and Tractor-Trailer","65,410",,17.74,,16.87,,11.90,,20.66,
53-3033,"Truck Drivers, Light or Delivery Services","40,660",,16.05,,13.63,,9.72,,19.23,
27-2023,"Umpires, Referees, and Other Sports Officials",640,,"28,360",*,"25,004",*,"19,388",*,"32,846",*
51-6093,Upholsterers,"1,280",,15.82,,14.15,,9.97,,18.73,
19-3051,"Urban and Regional Planners","1,990",,31.62,,30.38,,22.43,,36.21,
39-3031,"Ushers, Lobby Attendants, and Ticket Takers","4,780",,9.33,,9.04,,8.20,,9.90,
29-1131,Veterinarians,"3,070",,48.11,,43.41,,29.46,,57.43,
31-9096,"Veterinary Assistants and Laboratory Animal Caretakers","3,350",,10.50,,10.03,,8.18,,11.65,
29-2056,"Veterinary Technologists and Technicians","7,140",,13.86,,13.55,,10.60,,15.49,
25-2023,"Vocational Education Teachers, Middle School",970,,"56,552",*,"54,655",*,"40,773",*,"64,442",*
25-1194,"Vocational Education Teachers, Postsecondary","6,250",,27.89,,26.39,,16.89,,33.38,
25-2032,"Vocational Education Teachers, Secondary School","5,530",,"52,766",*,"50,146",*,"33,852",*,"62,223",*
35-3031,"Waiters and Waitresses","185,830",,10.00,,9.01,,8.20,,10.91,
49-9064,"Watch Repairers",270,,14.17,,12.41,,9.41,,16.57,
51-8031,"Water and Liquid Waste Treatment Plant and System Operators","5,410",,21.64,,21.01,,14.83,,25.05,
15-1134,"Web Developers","6,270",,29.43,,27.75,,18.55,,34.87,
43-5111,"Weighers, Measurers, Checkers, and Samplers, Recordkeeping","4,350",,12.07,,11.75,,8.56,,13.83,
51-4121,"Welders, Cutters, Solderers, and Brazers","10,890",,17.77,,16.94,,12.19,,20.56,
51-4122,"Welding, Soldering, and Brazing Machine Setters, Operators, and Tenders",420,,15.51,,15.59,,12.08,,17.23,
13-1022,"Wholesale and Retail Buyers, Except Farm Products","4,320",,29.26,,26.78,,18.03,,34.87,
51-7099,"Woodworkers, All Other",30,,22.06,,23.24,,17.09,,24.53,
51-7042,"Woodworking Machine Setters, Operators, and Tenders, Except Sawing","1,710",,13.74,,13.39,,9.80,,15.71,
43-9022,"Word Processors and Typists","3,730",,13.41,,12.80,,9.85,,15.19,
27-3043,"Writers and Authors","1,890",,28.02,,22.95,,12.81,,35.62,
19-1023,"Zoologists and Wildlife Biologists","1,350",,25.45,,22.88,,16.16,,30.10,
